"CMT/CAPT Science Assessment, 2015-16"
"All Districts, Grade 8, All Students"

"",,,,,,,,"Below Basic",,"Basic",,"Proficient",,"Goal",,"Advanced",,"At or Above Goal",,""
"District","District Code","School","SchoolCode","Total Numberof Students","Total NumberTested","ParticipationRate","Total Number with Scored Tests","Count","%","Count","%","Count","%","Count","%","Count","%","Count","%","AverageSS"
"Achievement First Hartford Academy Inc. District","=""2880013""","Achievement First Hartford Academy Inc.","=""2880113""",65,64,98.5,64,16,25.0,9,14.1,13,20.3,20,31.3,6,9.4,26,40.6,232
"Amistad Academy District","=""2790013""","Amistad Academy","=""2795113""",82,82,100.0,82,15,18.3,"*","*",28,34.1,27,32.9,"*","*","*","*",235
"Ansonia School District","=""0020011""","Ansonia Middle School","=""0025111""",185,185,100.0,185,54,29.2,"*","*",51,27.6,46,24.9,"*","*","*","*",222
"Area Cooperative Educational Services","=""2440014""","Center for Autism Spectrum and Development Disorders","=""2449614""","*","*","*","*","*","*","*","*","*","*","*","*","*","*","*","*","*"
"Area Cooperative Educational Services","=""2440014""","Mill Road School","=""2449414""","*","*","*","*","*","*","*","*","*","*","*","*",0,0.0,"*","*","*"
"Area Cooperative Educational Services","=""2440014""","Thomas Edison Magnet Middle School","=""2445114""",222,222,100.0,222,55,24.8,32,14.4,46,20.7,77,34.7,12,5.4,89,40.1,233
"Area Cooperative Educational Services","=""2440014""","Wintergreen Interdistrict  Magnet School","=""2440314""",67,67,100.0,67,17,25.4,"*","*",17,25.4,19,28.4,"*","*","*","*",233
"Ashford School District","=""0030011""","Ashford School","=""0030111""",36,36,100.0,36,"*","*","*","*","*","*",24,66.7,"*","*","*","*",260
"Avon School District","=""0040011""","Avon Middle School","=""0045111""",275,272,98.9,272,15,5.5,10,3.7,24,8.8,133,48.9,90,33.1,223,82.0,279
"Berlin School District","=""0070011""","Catherine M. McGee Middle School","=""0075111""","*","*","*","*","*","*","*","*","*","*","*","*","*","*","*","*","*"
"Bethel School District","=""0090011""","Bethel Middle School","=""0095111""","*","*","*","*","*","*","*","*","*","*","*","*","*","*","*","*","*"
"Bloomfield School District","=""0110011""","Carmen Arace Middle School","=""0115211""",96,96,100.0,96,"*","*","*","*",23,24.0,33,34.4,"*","*","*","*",239
"Bloomfield School District","=""0110011""","Global Experience Magnet School","=""0116311""",33,33,100.0,33,"*","*","*","*",9,27.3,15,45.5,"*","*","*","*",246
"Bolton School District","=""0120011""","Bolton Center School","=""0120111""","*","*","*","*","*","*","*","*","*","*","*","*","*","*","*","*","*"
"Bozrah School District","=""0130011""","Fields Memorial School","=""0130111""",22,21,95.5,21,0,0.0,0,0.0,"*","*",12,57.1,"*","*","*","*",273
"Branford School District","=""0140011""","Francis Walsh Intermediate School","=""0145111""","*","*","*","*","*","*","*","*","*","*","*","*","*","*","*","*","*"
"Bridgeport Achievement First District","=""2850013""","Achievement First Bridgeport Academy","=""2850113""",91,90,98.9,90,20,22.2,"*","*",23,25.6,24,26.7,"*","*","*","*",230
"Bridgeport School District","=""0150011""","Barnum School","=""0150111""",50,50,100.0,50,28,56.0,"*","*",9,18.0,"*","*",0,0.0,"*","*",202
"Bridgeport School District","=""0150011""","Black Rock School","=""0150311""",46,46,100.0,46,12,26.1,9,19.6,9,19.6,16,34.8,0,0.0,16,34.8,225
"Bridgeport School District","=""0150011""","Blackham School","=""0154011""",157,154,98.1,154,63,40.9,27,17.5,31,20.1,33,21.4,0,0.0,33,21.4,214
"Bridgeport School District","=""0150011""","Bridgeport Learning Center","=""0159011""",7,7,"*",7,"*","*","*","*","*","*","*","*","*","*","*","*","*"
"Bridgeport School District","=""0150011""","Cesar Batalla School","=""0151411""",134,134,100.0,134,88,65.7,20,14.9,15,11.2,"*","*","*","*",11,8.2,194
"Bridgeport School District","=""0150011""","Classical Studies Academy","=""0152111""",33,33,100.0,33,"*","*","*","*",6,18.2,17,51.5,0,0.0,17,51.5,239
"Bridgeport School District","=""0150011""","Columbus School","=""0150511""",49,49,100.0,49,22,44.9,"*","*",13,26.5,"*","*",0,0.0,"*","*",207
"Bridgeport School District","=""0150011""","Cross School","=""0153911""",44,44,100.0,44,30,68.2,7,15.9,"*","*","*","*",0,0.0,"*","*",187
"Bridgeport School District","=""0150011""","Curiale School","=""0154211""",101,101,100.0,101,50,49.5,22,21.8,17,16.8,"*","*","*","*",12,11.9,204
"Bridgeport School District","=""0150011""","Dunbar School","=""0154111""",44,42,95.5,42,15,35.7,9,21.4,11,26.2,"*","*","*","*",7,16.7,213
"Bridgeport School District","=""0150011""","Geraldine Johnson School","=""0153211""",78,78,100.0,78,27,34.6,18,23.1,"*","*",18,23.1,"*","*","*","*",218
"Bridgeport School District","=""0150011""","High Horizons Magnet School","=""0154511""",50,50,100.0,50,7,14.0,"*","*",8,16.0,25,50.0,"*","*","*","*",248
"Bridgeport School District","=""0150011""","Hooker School","=""0151311""",42,38,90.5,38,15,39.5,11,28.9,"*","*",6,15.8,"*","*","*","*",213
"Bridgeport School District","=""0150011""","Interdistrict Discovery Magnet School","=""0153711""",45,45,100.0,45,"*","*",6,13.3,7,15.6,22,48.9,"*","*","*","*",248
"Bridgeport School District","=""0150011""","Jettie S. Tisdale School","=""0152211""",80,78,97.5,78,43,55.1,13,16.7,12,15.4,10,12.8,0,0.0,10,12.8,201
"Bridgeport School District","=""0150011""","Luis Munoz Marin School","=""0151011""",118,114,96.6,114,91,79.8,10,8.8,"*","*","*","*",0,0.0,"*","*",182
"Bridgeport School District","=""0150011""","Multicultural Magnet School","=""0154611""",48,48,100.0,48,"*","*","*","*",13,27.1,24,50.0,"*","*","*","*",247
"Bridgeport School District","=""0150011""","Park City Magnet School","=""0151711""",39,39,100.0,39,"*","*","*","*",11,28.2,19,48.7,"*","*","*","*",257
"Bridgeport School District","=""0150011""","Read School","=""0152511""",90,87,96.7,87,50,57.5,16,18.4,10,11.5,11,12.6,0,0.0,11,12.6,201
"Bridgeport School District","=""0150011""","Roosevelt School","=""0152611""",48,48,100.0,48,31,64.6,"*","*",7,14.6,"*","*",0,0.0,"*","*",196
"Bridgeport School District","=""0150011""","Waltersville School","=""0153011""",58,58,100.0,58,22,37.9,15,25.9,13,22.4,8,13.8,0,0.0,8,13.8,209
"Bridgeport School District","=""0150011""","Winthrop School","=""0153611""",72,72,100.0,72,13,18.1,"*","*",20,27.8,22,30.6,"*","*","*","*",238
"Bristol School District","=""0170011""","Alternative Special Education Program (ASEP)","=""0179011""","*","*","*","*","*","*","*","*","*","*","*","*","*","*","*","*","*"
"Bristol School District","=""0170011""","Chippens Hill Middle School","=""0175111""",221,217,98.2,217,18,8.3,18,8.3,41,18.9,96,44.2,44,20.3,140,64.5,262
"Bristol School District","=""0170011""","Chms Goal","=""0173411""","*","*","*","*","*","*","*","*","*","*","*","*","*","*","*","*","*"
"Bristol School District","=""0170011""","Greene-Hills GOAL","=""0170911""","*","*","*","*","*","*","*","*","*","*","*","*","*","*","*","*","*"
"Bristol School District","=""0170011""","Greene-Hills School","=""0170511""",93,92,98.9,92,13,14.1,"*","*",18,19.6,51,55.4,"*","*","*","*",245
"Bristol School District","=""0170011""","Northeast MS/GOAL","=""0172811""","*","*","*","*","*","*","*","*","*","*","*","*","*","*","*","*","*"
"Bristol School District","=""0170011""","Northeast Middle School","=""0175211""",129,129,100.0,129,8,6.2,8,6.2,22,17.1,66,51.2,25,19.4,91,70.5,263
"Bristol School District","=""0170011""","West Bristol School","=""0172011""",105,103,98.1,103,12,11.7,6,5.8,22,21.4,50,48.5,13,12.6,63,61.2,256
"Brookfield School District","=""0180011""","Whisconier Middle School","=""0185311""",201,199,99.0,199,13,6.5,8,4.0,16,8.0,93,46.7,69,34.7,162,81.4,277
"Brooklyn School District","=""0190011""","Brooklyn Middle School","=""0195111""","*","*","*","*","*","*","*","*","*","*","*","*","*","*","*","*","*"
"Canaan School District","=""0210011""","Lee H. Kellogg School","=""0210111""",11,11,"*",11,"*","*","*","*","*","*","*","*","*","*","*","*","*"
"Canterbury School District","=""0220011""","Dr. Helen Baldwin Middle School","=""0225111""",63,63,100.0,63,"*","*","*","*",11,17.5,44,69.8,"*","*","*","*",255
"Canton School District","=""0230011""","Canton Middle School","=""0235111""",140,140,100.0,140,"*","*","*","*",17,12.1,82,58.6,32,22.9,114,81.4,273
"Capital Preparatory Harbor School Inc. District","=""2970013""","Capital Preparatory Harbor School Inc.","=""2970113""",38,38,100.0,38,12,31.6,7,18.4,8,21.1,11,28.9,0,0.0,11,28.9,223
"Capitol Region Education Council","=""2410014""","Academy of Aerospace and Engineering","=""2415114""",109,109,100.0,109,"*","*","*","*",18,16.5,41,37.6,32,29.4,73,67.0,265
"Capitol Region Education Council","=""2410014""","Farmington Valley Regional Diagnostic Center","=""2419214""","*","*","*","*","*","*","*","*","*","*","*","*","*","*","*","*","*"
"Capitol Region Education Council","=""2410014""","Greater Hartford Academy of the Arts Magnet Middle","=""2415314""",105,104,99.0,104,20,19.2,15,14.4,19,18.3,40,38.5,10,9.6,50,48.1,242
"Capitol Region Education Council","=""2410014""","John J. Allison Polaris Center","=""2419014""",9,8,"*",8,"*","*","*","*","*","*","*","*","*","*","*","*","*"
"Capitol Region Education Council","=""2410014""","Medical Professions and Teacher Preparation Academy","=""2416514""",63,63,100.0,63,7,11.1,"*","*",21,33.3,29,46.0,"*","*","*","*",241
"Capitol Region Education Council","=""2410014""","Metropolitan Learning Center for Global and International Studies","=""2416114""",106,105,99.1,105,12,11.4,18,17.1,21,20.0,41,39.0,13,12.4,54,51.4,249
"Capitol Region Education Council","=""2410014""","Public Safety Academy","=""2415214""",53,53,100.0,53,12,22.6,"*","*",10,18.9,22,41.5,"*","*","*","*",236
"Capitol Region Education Council","=""2410014""","River Street School","=""2419314""","*","*","*","*","*","*","*","*","*","*","*","*","*","*","*","*","*"
"Capitol Region Education Council","=""2410014""","Two Rivers Magnet Middle School","=""2415014""",198,197,99.5,197,24,12.2,19,9.6,22,11.2,86,43.7,46,23.4,132,67.0,262
"Cheshire School District","=""0250011""","Dodd Middle School","=""0255111""","*","*","*","*","*","*","*","*","*","*","*","*","*","*","*","*","*"
"Clinton School District","=""0270011""","Jared Eliot School","=""0275111""",160,159,99.4,159,9,5.7,9,5.7,23,14.5,78,49.1,40,25.2,118,74.2,271
"Colchester School District","=""0280011""","William J. Johnston Middle School","=""0285111""",189,189,100.0,189,"*","*","*","*",24,12.7,101,53.4,51,27.0,152,80.4,276
"Columbia School District","=""0300011""","Horace W. Porter School","=""0300111""",59,59,100.0,59,"*","*","*","*",10,16.9,34,57.6,8,13.6,42,71.2,260
"Cooperative Educational Services","=""2430014""","Six-Six Magnet School","=""2430114""",28,28,100.0,28,"*","*","*","*","*","*",15,53.6,"*","*","*","*",253
"Cooperative Educational Services","=""2430014""","Therapeutic Day Program","=""2439414""",25,25,100.0,25,"*","*","*","*","*","*",6,24.0,0,0.0,6,24.0,216
"Cornwall School District","=""0310011""","Cornwall Consolidated School","=""0310111""",19,19,"*",19,"*","*","*","*","*","*","*","*","*","*","*","*","*"
"Coventry School District","=""0320011""","Capt. Nathan Hale School","=""0325111""",138,136,98.6,136,"*","*",10,7.4,"*","*",86,63.2,30,22.1,116,85.3,275
"Cromwell School District","=""0330011""","Cromwell Middle School","=""0335111""","*","*","*","*","*","*","*","*","*","*","*","*","*","*","*","*","*"
"Danbury School District","=""0340011""","Broadview Middle School","=""0345111""",352,350,99.4,350,59,16.9,"*","*",92,26.3,148,42.3,"*","*","*","*",239
"Danbury School District","=""0340011""","Rogers Park Middle School","=""0345211""",352,349,99.1,349,94,26.9,55,15.8,73,20.9,112,32.1,15,4.3,127,36.4,228
"Danbury School District","=""0340011""","Westside Middle School Academy","=""0340311""","*","*","*","*","*","*","*","*","*","*","*","*",17,17.0,"*","*","*"
"Darien School District","=""0350011""","Middlesex Middle School","=""0355111""",373,369,98.9,369,"*","*","*","*",20,5.4,161,43.6,176,47.7,337,91.3,294
"Derby School District","=""0370011""","Derby Alternative Education Center","=""0370511""","*","*","*","*","*","*","*","*","*","*","*","*","*","*","*","*","*"
"Derby School District","=""0370011""","Derby Middle School","=""0375011""",96,95,99.0,95,23,24.2,22,23.2,16,16.8,27,28.4,7,7.4,34,35.8,230
"East Granby School District","=""0400011""","East Granby Middle School","=""0405111""",62,62,100.0,62,"*","*","*","*",10,16.1,32,51.6,12,19.4,44,71.0,265
"East Haddam School District","=""0410011""","Nathan Hale-Ray Middle School","=""0415111""","*","*","*","*","*","*","*","*","*","*","*","*","*","*","*","*","*"
"East Hampton School District","=""0420011""","East Hampton Middle School","=""0425111""",148,146,98.6,146,"*","*","*","*",23,15.8,72,49.3,37,25.3,109,74.7,271
"East Hartford School District","=""0430011""","East Hartford Middle School","=""0435111""",476,471,98.9,471,160,34.0,73,15.5,84,17.8,123,26.1,31,6.6,154,32.7,227
"East Hartford School District","=""0430011""","Hartford Detention Center","=""3480315""","*","*","*","*","*","*","*","*","*","*","*","*","*","*","*","*","*"
"East Hartford School District","=""0430011""","Woodland School","=""0439011""",12,11,"*",11,"*","*","*","*","*","*","*","*","*","*","*","*","*"
"East Haven School District","=""0440011""","Carbone School/East Haven Academy","=""0441711""",44,44,100.0,44,"*","*","*","*",12,27.3,23,52.3,"*","*","*","*",253
"East Haven School District","=""0440011""","Joseph Melillo Middle School","=""0445111""",202,199,98.5,199,52,26.1,32,16.1,44,22.1,63,31.7,8,4.0,71,35.7,230
"East Lyme School District","=""0450011""","East Lyme Middle School","=""0455111""",216,213,98.6,213,9,4.2,8,3.8,32,15.0,121,56.8,43,20.2,164,77.0,270
"East Windsor School District","=""0470011""","East Windsor Middle School","=""0475411""","*","*","*","*","*","*","*","*","*","*","*","*","*","*","*","*","*"
"Eastern Connecticut Regional Educational Service Center (EASTCONN)","=""2530014""","EastConn Special Education","=""2539014""","*","*","*","*","*","*","*","*","*","*","*","*","*","*","*","*","*"
"Eastford School District","=""0390011""","Eastford Elementary School","=""0390111""",15,15,"*",15,"*","*","*","*","*","*","*","*","*","*","*","*","*"
"Easton School District","=""0460011""","Helen Keller Middle School","=""0465111""","*","*","*","*","*","*","*","*","*","*","*","*","*","*","*","*","*"
"Education Connection","=""2420014""","GFLC/ACCESS School","=""2429014""","*","*","*","*","*","*","*","*","*","*","*","*","*","*","*","*","*"
"Ellington School District","=""0480011""","Ellington Middle School","=""0485111""",212,212,100.0,212,13,6.1,12,5.7,28,13.2,115,54.2,44,20.8,159,75.0,268
"Elm City College Preparatory School District","=""2890013""","Elm City College Preparatory School","=""2890113""",60,60,100.0,60,14,23.3,13,21.7,20,33.3,"*","*","*","*",13,21.7,223
"Enfield School District","=""0490011""","John F. Kennedy Middle School","=""0495211""",352,350,99.4,350,24,6.9,42,12.0,56,16.0,170,48.6,58,16.6,228,65.1,259
"Fairfield School District","=""0510011""","Fairfield Woods Middle School","=""0515211""",294,291,99.0,291,13,4.5,8,2.7,30,10.3,166,57.0,74,25.4,240,82.5,274
"Fairfield School District","=""0510011""","Roger Ludlowe Middle School","=""0515311""",272,271,99.6,271,"*","*","*","*",25,9.2,137,50.6,100,36.9,237,87.5,286
"Fairfield School District","=""0510011""","Tomlinson Middle School","=""0515111""",225,221,98.2,221,14,6.3,10,4.5,21,9.5,123,55.7,53,24.0,176,79.6,270
"Farmington School District","=""0520011""","Irving A. Robbins Middle School","=""0525111""",292,289,99.0,289,6,2.1,8,2.8,35,12.1,155,53.6,85,29.4,240,83.0,279
"Franklin School District","=""0530011""","Franklin Elementary School","=""0530111""",21,21,100.0,21,"*","*","*","*","*","*",10,47.6,"*","*","*","*",260
"Glastonbury School District","=""0540011""","Smith Middle School","=""0545211""","*","*","*","*","*","*","*","*","*","*","*","*","*","*","*","*","*"
"Granby School District","=""0560011""","Granby Memorial Middle School","=""0565111""",157,155,98.7,155,"*","*","*","*",16,10.3,93,60.0,39,25.2,132,85.2,279
"Greenwich School District","=""0570011""","Central Middle School","=""0575111""",186,186,100.0,186,"*","*","*","*",22,11.8,107,57.5,42,22.6,149,80.1,272
"Greenwich School District","=""0570011""","Eastern Middle School","=""0575211""",260,260,100.0,260,"*","*","*","*",13,5.0,135,51.9,103,39.6,238,91.5,288
"Greenwich School District","=""0570011""","Western Middle School","=""0575311""",188,186,98.9,186,15,8.1,14,7.5,28,15.1,87,46.8,42,22.6,129,69.4,264
"Griswold School District","=""0580011""","Griswold Alternative School","=""0580111""","*","*","*","*","*","*","*","*","*","*","*","*","*","*","*","*","*"
"Griswold School District","=""0580011""","Griswold Middle School","=""0585111""","*","*","*","*","*","*","*","*","*","*","*","*","*","*","*","*","*"
"Groton School District","=""0590011""","Carl C. Cutler Middle School","=""0595311""",148,148,100.0,148,10,6.8,18,12.2,21,14.2,77,52.0,22,14.9,99,66.9,259
"Groton School District","=""0590011""","West Side Middle School","=""0595211""",134,133,99.3,133,15,11.3,"*","*",24,18.0,63,47.4,22,16.5,85,63.9,256
"Guilford School District","=""0600011""","E. C. Adams Middle School","=""0605111""",288,288,100.0,288,11,3.8,15,5.2,30,10.4,183,63.5,49,17.0,232,80.6,270
"Hamden School District","=""0620011""","Hamden Collaborative Learning Center","=""0620511""",8,8,"*",8,"*","*","*","*","*","*","*","*","*","*","*","*","*"
"Hamden School District","=""0620011""","Hamden Middle School","=""0625211""",411,406,98.8,406,72,17.7,49,12.1,85,20.9,167,41.1,33,8.1,200,49.3,242
"Hartford School District","=""0640011""","Asian Studies Academy","=""0640711""",66,65,98.5,65,37,56.9,14,21.5,"*","*","*","*",0,0.0,"*","*",198
"Hartford School District","=""0640011""","Batchelder School","=""0640411""",54,54,100.0,54,32,59.3,10,18.5,"*","*","*","*",0,0.0,"*","*",196
"Hartford School District","=""0640011""","Breakthrough II Elementary School","=""0643511""",13,13,"*",13,"*","*","*","*","*","*","*","*","*","*","*","*","*"
"Hartford School District","=""0640011""","Breakthrough Magnet School","=""0643311""",29,29,100.0,29,9,31.0,"*","*",8,27.6,7,24.1,"*","*","*","*",225
"Hartford School District","=""0640011""","Burns Latino Studies Academy","=""0640611""",50,50,100.0,50,32,64.0,9,18.0,"*","*","*","*",0,0.0,"*","*",197
"Hartford School District","=""0640011""","Burr School","=""0642311""",54,54,100.0,54,26,48.1,15,27.8,"*","*","*","*",0,0.0,"*","*",199
"Hartford School District","=""0640011""","Capital Preparatory Magnet School","=""0646911""",51,51,100.0,51,"*","*",11,21.6,10,19.6,16,31.4,"*","*","*","*",238
"Hartford School District","=""0640011""","Clark School","=""0642411""",18,17,"*",17,"*","*","*","*","*","*","*","*","*","*","*","*","*"
"Hartford School District","=""0640011""","Classical Magnet School","=""0646411""",124,124,100.0,124,36,29.0,"*","*",27,21.8,38,30.6,"*","*","*","*",226
"Hartford School District","=""0640011""","Dr. James H Naylor/CCSU Leadership Academy","=""0641411""",56,53,94.6,53,23,43.4,12,22.6,9,17.0,9,17.0,0,0.0,9,17.0,209
"Hartford School District","=""0640011""","EDP - M.D. Fox","=""0645911""",8,8,"*",8,"*","*","*","*","*","*","*","*","*","*","*","*","*"
"Hartford School District","=""0640011""","EDP - McDonough Expeditionary Learning School","=""0648111""","*","*","*","*","*","*","*","*","*","*","*","*","*","*","*","*","*"
"Hartford School District","=""0640011""","Environmental Sciences Magnet School at Mary M Hooker","=""0640911""",58,58,100.0,58,10,17.2,7,12.1,12,20.7,20,34.5,9,15.5,29,50.0,247
"Hartford School District","=""0640011""","Fred D. Wish Museum School","=""0642211""",28,27,96.4,27,8,29.6,10,37.0,"*","*","*","*",0,0.0,"*","*",210
"Hartford School District","=""0640011""","Global Communications Academy","=""0643611""",44,44,100.0,44,19,43.2,7,15.9,11,25.0,7,15.9,0,0.0,7,15.9,209
"Hartford School District","=""0640011""","Hartford Magnet Trinity College Academy","=""0645411""",208,208,100.0,208,44,21.2,21,10.1,41,19.7,79,38.0,23,11.1,102,49.0,243
"Hartford School District","=""0640011""","Kennelly School","=""0641011""",49,47,95.9,47,27,57.4,8,17.0,6,12.8,6,12.8,0,0.0,6,12.8,197
"Hartford School District","=""0640011""","LC - Burns","=""0649611""","*","*","*","*","*","*","*","*","*","*","*","*","*","*","*","*","*"
"Hartford School District","=""0640011""","M. D. Fox Elementary School","=""0640811""",46,46,100.0,46,36,78.3,"*","*","*","*","*","*",0,0.0,"*","*",185
"Hartford School District","=""0640011""","M. L. King School","=""0641611""",36,36,100.0,36,14,38.9,11,30.6,"*","*","*","*",0,0.0,"*","*",207
"Hartford School District","=""0640011""","McDonough Expeditionary Learning School","=""0641211""",82,82,100.0,81,52,64.2,8,9.9,13,16.0,8,9.9,0,0.0,8,9.9,196
"Hartford School District","=""0640011""","Milner Elementary School","=""0641911""",37,36,97.3,36,18,50.0,"*","*",10,27.8,"*","*",0,0.0,"*","*",204
"Hartford School District","=""0640011""","Montessori Magnet School at Annie Fisher","=""0643711""",16,16,"*",16,"*","*","*","*","*","*","*","*","*","*","*","*","*"
"Hartford School District","=""0640011""","Noah Webster Micro Society School","=""0642011""",49,49,100.0,49,"*","*","*","*",7,14.3,21,42.9,17,34.7,38,77.6,279
"Hartford School District","=""0640011""","R.J. Kinsella Magnet School of Performing Arts","=""0641111""",79,79,100.0,79,13,16.5,"*","*",22,27.8,31,39.2,"*","*","*","*",236
"Hartford School District","=""0640011""","Renzulli Academy","=""0644011""",21,21,100.0,21,"*","*","*","*","*","*",13,61.9,0,0.0,13,61.9,251
"Hartford School District","=""0640011""","SAND School","=""0640111""",34,33,97.1,33,20,60.6,7,21.2,"*","*","*","*",0,0.0,"*","*",191
"Hartford School District","=""0640011""","STEM Magnet School at Annie Fisher","=""0642511""",40,40,100.0,40,"*","*","*","*",7,17.5,13,32.5,12,30.0,25,62.5,262
"Hartford School District","=""0640011""","Sarah J. Rawson Elementary School","=""0641711""",42,42,100.0,42,22,52.4,8,19.0,6,14.3,6,14.3,0,0.0,6,14.3,205
"Hartford School District","=""0640011""","Simpson-Waverly School","=""0642611""",25,25,100.0,25,17,68.0,"*","*",6,24.0,"*","*",0,0.0,"*","*",196
"Hartford School District","=""0640011""","Sports and Medical Sciences Academy","=""0646511""",87,87,100.0,87,18,20.7,"*","*",20,23.0,34,39.1,"*","*","*","*",245
"Hartford School District","=""0640011""","West Middle School","=""0642111""",32,31,96.9,31,16,51.6,"*","*","*","*","*","*","*","*","*","*",210
"Hartland School District","=""0650011""","Hartland School","=""0650111""",16,16,"*",16,"*","*","*","*","*","*","*","*","*","*","*","*","*"
"Highville Charter School District","=""2860013""","Highville Charter School","=""2860113""",37,37,100.0,37,12,32.4,"*","*",11,29.7,"*","*",0,0.0,"*","*",225
"Integrated Day Charter School District","=""2640013""","Integrated Day Charter School","=""2640113""",35,35,100.0,35,6,17.1,"*","*","*","*",18,51.4,"*","*","*","*",247
"Interdistrict School for Arts and Comm District","=""2650013""","Interdistrict School For Arts And Communication","=""2655113""",87,86,98.9,86,23,26.7,16,18.6,"*","*",31,36.0,"*","*","*","*",233
"Jumoke Academy District","=""2610013""","Jumoke Academy","=""2610113""",86,85,98.8,85,21,24.7,"*","*",22,25.9,27,31.8,"*","*","*","*",233
"Kent School District","=""0680011""","Kent Center School","=""0680111""",20,20,100.0,20,0,0.0,0,0.0,"*","*",15,75.0,"*","*","*","*",271
"Killingly School District","=""0690011""","Killingly Intermediate School","=""0695211""",175,173,98.9,173,18,10.4,12,6.9,39,22.5,91,52.6,13,7.5,104,60.1,253
"Learn","=""2450014""","Dual Language & Arts Magnet Middle School","=""2455014""","*","*","*","*","*","*","*","*","*","*","*","*","*","*","*","*","*"
"Learn","=""2450014""","Learn SAILS Middle School Program","=""2450814""","*","*","*","*","*","*","*","*","*","*","*","*","*","*","*","*","*"
"Lebanon School District","=""0710011""","Lebanon Middle School","=""0715111""",81,81,100.0,81,"*","*","*","*",16,19.8,44,54.3,14,17.3,58,71.6,268
"Ledyard School District","=""0720011""","Ledyard High School","=""0726111""","*","*","*","*","*","*","*","*","*","*","*","*","*","*","*","*","*"
"Ledyard School District","=""0720011""","Ledyard Middle School","=""0725111""","*","*","*","*","*","*","*","*","*","*","*","*","*","*","*","*","*"
"Lisbon School District","=""0730011""","Lisbon Central School","=""0730111""",41,41,100.0,41,"*","*","*","*",9,22.0,20,48.8,"*","*","*","*",256
"Litchfield School District","=""0740011""","Litchfield Middle School","=""0746011""",89,89,100.0,89,"*","*","*","*",8,9.0,47,52.8,25,28.1,72,80.9,274
"Madison School District","=""0760011""","Walter C. Polson Upper Middle School","=""0765211""",278,267,96.0,267,"*","*","*","*",34,12.7,146,54.7,71,26.6,217,81.3,276
"Manchester School District","=""0770011""","Bentley Alternative Education Program","=""0770211""",9,"*","*","*","*","*","*","*","*","*","*","*","*","*","*","*","*"
"Manchester School District","=""0770011""","Illing Middle School","=""0775311""",356,353,99.2,353,79,22.4,42,11.9,74,21.0,140,39.7,18,5.1,158,44.8,235
"Manchester School District","=""0770011""","Manchester Regional Academy","=""0779011""","*",6,"*",6,"*","*","*","*","*","*","*","*","*","*","*","*","*"
"Manchester School District","=""0770011""","New Horizons","=""0770711""","*","*","*","*","*","*","*","*","*","*","*","*","*","*","*","*","*"
"Mansfield School District","=""0780011""","Mansfield Middle School School","=""0785111""",138,138,100.0,138,"*","*","*","*",13,9.4,61,44.2,60,43.5,121,87.7,293
"Meriden School District","=""0800011""","Lincoln Middle School","=""0805211""",247,242,98.0,242,52,21.5,34,14.0,49,20.2,94,38.8,13,5.4,107,44.2,236
"Meriden School District","=""0800011""","STEPS-Meriden School District","=""0801211""",13,12,"*",12,"*","*","*","*","*","*","*","*","*","*","*","*","*"
"Meriden School District","=""0800011""","Venture Academy-Meriden School District","=""0801311""","*","*","*","*","*","*","*","*","*","*","*","*","*","*","*","*","*"
"Meriden School District","=""0800011""","Washington Middle School","=""0805411""",226,217,96.0,217,86,39.6,"*","*",43,19.8,45,20.7,"*","*","*","*",215
"Middletown School District","=""0830011""","OASIS","=""0830311""","*","*","*","*","*","*","*","*","*","*","*","*","*","*","*","*","*"
"Middletown School District","=""0830011""","Woodrow Wilson Middle School","=""0835411""",306,306,100.0,306,55,18.0,41,13.4,63,20.6,123,40.2,24,7.8,147,48.0,242
"Milford School District","=""0840011""","East Shore Middle School","=""0845111""","*",159,"*",159,"*","*","*","*",31,19.5,98,61.6,15,9.4,113,71.1,259
"Milford School District","=""0840011""","Harborside Middle School","=""0845211""",174,168,96.6,168,"*","*",19,11.3,"*","*",92,54.8,24,14.3,116,69.0,260
"Milford School District","=""0840011""","West Shore Middle School","=""0845311""",160,"*","*","*",14,8.9,25,15.8,33,20.9,"*","*","*","*","*","*","*"
"Monroe School District","=""0850011""","Jockey Hollow School","=""0855211""","*","*","*","*","*","*","*","*","*","*","*","*","*","*","*","*","*"
"Montville School District","=""0860011""","Leonard J. Tyl Middle School","=""0865111""","*","*","*","*","*","*","*","*","*","*","*","*","*","*","*","*","*"
"Naugatuck School District","=""0880011""","City Hill Middle School","=""0885111""",334,332,99.4,332,49,14.8,55,16.6,59,17.8,142,42.8,27,8.1,169,50.9,242
"New Beginnings Inc., Family Academy District","=""2800013""","New Beginnings Inc., Family Academy","=""2800113""",29,28,96.6,28,11,39.3,"*","*","*","*",10,35.7,0,0.0,10,35.7,222
"New Britain School District","=""0890011""","Alternative Center School","=""0899111""",10,8,"*",8,"*","*","*","*","*","*","*","*","*","*","*","*","*"
"New Britain School District","=""0890011""","Frank J. DiLoreto School","=""0891111""",66,66,100.0,66,27,40.9,17,25.8,13,19.7,9,13.6,0,0.0,9,13.6,211
"New Britain School District","=""0890011""","House of Arts Letters and Science (HALS)  Academy","=""0895411""",50,49,98.0,49,0,0.0,0,0.0,"*","*",38,77.6,"*","*","*","*",276
"New Britain School District","=""0890011""","New Britain Transition Center","=""0899011""","*","*","*","*","*","*","*","*","*","*","*","*","*","*","*","*","*"
"New Britain School District","=""0890011""","Pulaski Middle School","=""0895311""",247,245,99.2,245,132,53.9,38,15.5,39,15.9,36,14.7,0,0.0,36,14.7,201
"New Britain School District","=""0890011""","Slade Middle School","=""0895211""",228,227,99.6,227,83,36.6,"*","*",47,20.7,54,23.8,"*","*","*","*",215
"New Britain School District","=""0890011""","Steps","=""0891811""",8,8,"*",8,"*","*","*","*","*","*","*","*","*","*","*","*","*"
"New Canaan School District","=""0900011""","Saxe Middle School","=""0905111""",302,301,99.7,301,"*","*","*","*",20,6.6,140,46.5,129,42.9,269,89.4,288
"New Fairfield School District","=""0910011""","New Fairfield Middle School","=""0915211""",195,192,98.5,192,9,4.7,9,4.7,25,13.0,90,46.9,59,30.7,149,77.6,274
"New Haven School District","=""0930011""","Augusta Lewis Troup School","=""0931511""",53,51,96.2,51,27,52.9,11,21.6,"*","*","*","*",0,0.0,"*","*",198
"New Haven School District","=""0930011""","Barnard Environmental Magnet School","=""0930211""",37,37,100.0,37,12,32.4,"*","*",6,16.2,10,27.0,"*","*","*","*",228
"New Haven School District","=""0930011""","Beecher School","=""0930311""",44,44,100.0,44,17,38.6,9,20.5,13,29.5,"*","*","*","*","*","*",213
"New Haven School District","=""0930011""","Benjamin Jepson Magnet School","=""0931811""",46,46,100.0,46,14,30.4,10,21.7,7,15.2,15,32.6,0,0.0,15,32.6,223
"New Haven School District","=""0930011""","Betsy Ross Arts Magnet School","=""0935511""",114,114,100.0,114,31,27.2,"*","*",25,21.9,35,30.7,"*","*","*","*",226
"New Haven School District","=""0930011""","Bishop Woods School","=""0934311""",50,50,100.0,50,21,42.0,8,16.0,11,22.0,10,20.0,0,0.0,10,20.0,213
"New Haven School District","=""0930011""","Celentano BioTech, Health and Medical Magnet School","=""0934811""",30,30,100.0,30,11,36.7,6,20.0,7,23.3,"*","*","*","*",6,20.0,217
"New Haven School District","=""0930011""","Clemente Leadership Academy","=""0934211""",60,60,100.0,60,42,70.0,10,16.7,"*","*","*","*",0,0.0,"*","*",188
"New Haven School District","=""0930011""","Clinton Avenue School","=""0930611""",45,45,100.0,45,16,35.6,"*","*",7,15.6,14,31.1,"*","*","*","*",223
"New Haven School District","=""0930011""","Columbus Family Academy","=""0934111""",36,36,100.0,36,"*","*","*","*",13,36.1,10,27.8,0,0.0,10,27.8,226
"New Haven School District","=""0930011""","Conte/West Hills Magnet School","=""0933111""",63,63,100.0,63,18,28.6,15,23.8,"*","*",14,22.2,"*","*","*","*",221
"New Haven School District","=""0930011""","Davis 21st Century Magnet Elementary School","=""0930911""",41,41,100.0,41,17,41.5,7,17.1,"*","*",10,24.4,"*","*","*","*",214
"New Haven School District","=""0930011""","Domus Academy","=""0935611""",13,12,"*",12,"*","*","*","*","*","*","*","*","*","*","*","*","*"
"New Haven School District","=""0930011""","East Rock Community Magnet School","=""0934611""",42,41,97.6,41,20,48.8,"*","*",8,19.5,8,19.5,"*","*","*","*",215
"New Haven School District","=""0930011""","Edgewood School","=""0931211""",49,49,100.0,49,14,28.6,"*","*",13,26.5,11,22.4,"*","*","*","*",224
"New Haven School District","=""0930011""","Engineering - Science University Magnet School","=""0931711""",96,96,100.0,96,9,9.4,9,9.4,14,14.6,42,43.8,22,22.9,64,66.7,264
"New Haven School District","=""0930011""","Fair Haven School","=""0931611""",87,84,96.6,84,47,56.0,13,15.5,13,15.5,"*","*","*","*",11,13.1,200
"New Haven School District","=""0930011""","Hill Central Music Academy","=""0930711""",53,53,100.0,53,31,58.5,9,17.0,7,13.2,"*","*","*","*",6,11.3,204
"New Haven School District","=""0930011""","John C. Daniels","=""0931311""",42,42,100.0,42,14,33.3,"*","*",14,33.3,"*","*",0,0.0,"*","*",222
"New Haven School District","=""0930011""","John S. Martinez School","=""0930811""",54,54,100.0,54,16,29.6,13,24.1,10,18.5,15,27.8,0,0.0,15,27.8,223
"New Haven School District","=""0930011""","Katherine Brennan/Clarence Rogers School","=""0932111""",20,20,100.0,20,11,55.0,"*","*","*","*","*","*",0,0.0,"*","*",196
"New Haven School District","=""0930011""","King/Robinson Magnet School","=""0933011""",54,54,100.0,54,19,35.2,13,24.1,11,20.4,"*","*","*","*",11,20.4,216
"New Haven School District","=""0930011""","Mauro-Sheridan Magnet School","=""0931911""",44,44,100.0,44,"*","*","*","*",12,27.3,19,43.2,6,13.6,25,56.8,257
"New Haven School District","=""0930011""","Nathan Hale School","=""0931411""",53,53,100.0,53,8,15.1,"*","*",10,18.9,26,49.1,"*","*","*","*",249
"New Haven School District","=""0930011""","Polly T. McCabe Center","=""0939211""","*","*","*","*","*","*","*","*","*","*","*","*","*","*","*","*","*"
"New Haven School District","=""0930011""","Riverside Education Academy","=""0939111""","*","*","*","*","*","*","*","*","*","*","*","*","*","*","*","*","*"
"New Haven School District","=""0930011""","Ross/Woodward School","=""0931011""",63,63,100.0,63,21,33.3,10,15.9,17,27.0,15,23.8,0,0.0,15,23.8,221
"New Haven School District","=""0930011""","Truman School","=""0932911""",51,51,100.0,51,21,41.2,10,19.6,13,25.5,"*","*","*","*",7,13.7,214
"New Haven School District","=""0930011""","Wexler/Grant Community School","=""0933211""",37,35,94.6,35,15,42.9,"*","*",8,22.9,"*","*",0,0.0,"*","*",209
"New Haven School District","=""0930011""","Worthington Hooker School","=""0933811""",39,38,97.4,38,0,0.0,"*","*","*","*",15,39.5,12,31.6,27,71.1,275
"New London School District","=""0950011""","Bennie Dover Jackson Middle School","=""0955111""",179,174,97.2,174,63,36.2,"*","*",31,17.8,49,28.2,"*","*","*","*",222
"New Milford School District","=""0960011""","Schaghticoke Middle School","=""0965211""",354,354,100.0,353,20,5.7,26,7.4,56,15.9,190,53.8,61,17.3,251,71.1,264
"Newington School District","=""0940011""","John Wallace Middle School","=""0945311""",160,160,100.0,160,"*","*",9,5.6,"*","*",83,51.9,41,25.6,124,77.5,274
"Newington School District","=""0940011""","Martin Kellogg Middle School","=""0945111""","*","*","*","*",12,7.6,"*","*",36,22.8,"*","*","*","*","*","*","*"
"Newtown School District","=""0970011""","Newtown Middle School","=""0975111""","*","*","*","*","*","*","*","*","*","*","*","*","*","*","*","*","*"
"North Branford School District","=""0990011""","North Branford Intermediate School","=""0995111""","*","*","*","*","*","*","*","*","*","*","*","*","*","*","*","*","*"
"North Canaan School District","=""1000011""","North Canaan Elementary School","=""1000111""",21,20,95.2,20,"*","*","*","*","*","*",9,45.0,"*","*","*","*",248
"North Haven School District","=""1010011""","North Haven Middle School","=""1015211""",274,273,99.6,273,15,5.5,26,9.5,58,21.2,134,49.1,40,14.7,174,63.7,259
"North Stonington School District","=""1020011""","Wheeler Middle School","=""1025111""",52,52,100.0,52,0,0.0,"*","*","*","*",25,48.1,18,34.6,43,82.7,282
"Norwalk School District","=""1030011""","Nathan Hale Middle School","=""1035211""",212,212,100.0,212,30,14.2,21,9.9,23,10.8,98,46.2,40,18.9,138,65.1,257
"Norwalk School District","=""1030011""","Ponus Ridge Middle School","=""1035311""",223,223,100.0,223,52,23.3,37,16.6,45,20.2,74,33.2,15,6.7,89,39.9,234
"Norwalk School District","=""1030011""","Roton Middle School","=""1035511""",155,154,99.4,154,23,14.9,15,9.7,34,22.1,62,40.3,20,13.0,82,53.2,251
"Norwalk School District","=""1030011""","West Rocks Middle School","=""1035411""",207,206,99.5,206,30,14.6,24,11.7,45,21.8,80,38.8,27,13.1,107,51.9,247
"Norwich School District","=""1040011""","Kelly Middle School","=""1045111""",377,376,99.7,376,99,26.3,59,15.7,86,22.9,122,32.4,10,2.7,132,35.1,228
"Odyssey Community School District","=""2630013""","Odyssey Community School","=""2635113""",38,37,97.4,37,"*","*","*","*",6,16.2,18,48.6,8,21.6,26,70.3,261
"Old Saybrook School District","=""1060011""","Old Saybrook Middle School","=""1065211""",121,121,100.0,121,"*","*","*","*",16,13.2,71,58.7,24,19.8,95,78.5,269
"Oxford School District","=""1080011""","Alternative Education","=""1080411""","*","*","*","*","*","*","*","*","*","*","*","*","*","*","*","*","*"
"Oxford School District","=""1080011""","Great Oak School","=""1085111""","*","*","*","*","*","*","*","*","*","*","*","*","*","*","*","*","*"
"Park City Prep Charter School District","=""2830013""","Park City Prep Charter School","=""2835113""",83,81,97.6,81,13,16.0,8,9.9,20,24.7,34,42.0,6,7.4,40,49.4,243
"Plainfield School District","=""1090011""","Plainfield Central School","=""1095111""",184,183,99.5,183,16,8.7,22,12.0,37,20.2,90,49.2,18,9.8,108,59.0,252
"Plainville School District","=""1100011""","Middle School of Plainville","=""1105211""",168,166,98.8,166,15,9.0,9,5.4,21,12.7,78,47.0,43,25.9,121,72.9,268
"Plymouth School District","=""1110011""","Eli Terry Jr. Middle School","=""1115111""",109,107,98.2,107,13,12.1,12,11.2,22,20.6,53,49.5,7,6.5,60,56.1,247
"Pomfret School District","=""1120011""","Pomfret Community School","=""1120111""",55,55,100.0,55,"*","*","*","*",7,12.7,33,60.0,12,21.8,45,81.8,269
"Portland School District","=""1130011""","Portland Middle School","=""1135111""",109,109,100.0,109,"*","*","*","*",14,12.8,61,56.0,26,23.9,87,79.8,274
"Preston School District","=""1140011""","Preston Plains School","=""1145111""","*","*","*","*","*","*","*","*","*","*","*","*","*","*","*","*","*"
"Putnam School District","=""1160011""","Putnam Middle School","=""1165111""",92,90,97.8,90,22,24.4,"*","*",18,20.0,37,41.1,"*","*","*","*",232
"Redding School District","=""1170011""","John Read Middle School","=""1175111""",119,117,98.3,117,"*","*","*","*",9,7.7,61,52.1,36,30.8,97,82.9,279
"Regional School District 01","=""2010012""","ALPSS","=""2010512""","*","*","*","*","*","*","*","*","*","*","*","*","*","*","*","*","*"
"Regional School District 01","=""2010012""","SELC","=""2010312""","*","*","*","*","*","*","*","*","*","*","*","*","*","*","*","*","*"
"Regional School District 04","=""2040012""","John Winthrop Middle School","=""2045112""","*","*","*","*","*","*","*","*","*","*","*","*","*","*","*","*","*"
"Regional School District 05","=""2050012""","Amity Middle School: Bethany","=""2055112""",189,188,99.5,188,"*","*","*","*",16,8.5,95,50.5,67,35.6,162,86.2,284
"Regional School District 05","=""2050012""","Amity Middle School: Orange","=""2055212""",188,185,98.4,185,11,5.9,10,5.4,28,15.1,95,51.4,41,22.2,136,73.5,268
"Regional School District 06","=""2060012""","Wamogo Regional High School","=""2066112""",78,76,97.4,76,"*","*","*","*",9,11.8,45,59.2,14,18.4,59,77.6,266
"Regional School District 07","=""2070012""","FLEX","=""2079012""","*","*","*","*","*","*","*","*","*","*","*","*","*","*","*","*","*"
"Regional School District 07","=""2070012""","Links","=""2079212""","*","*","*","*","*","*","*","*","*","*","*","*","*","*","*","*","*"
"Regional School District 07","=""2070012""","Northwestern Regional Middle School","=""2075112""",140,140,100.0,140,0,0.0,"*","*","*","*",67,47.9,62,44.3,129,92.1,294
"Regional School District 07","=""2070012""","STEP","=""2079312""","*","*","*","*","*","*","*","*","*","*","*","*","*","*","*","*","*"
"Regional School District 08","=""2080012""","RHAM Middle School","=""2085112""",281,281,100.0,281,11,3.9,13,4.6,46,16.4,157,55.9,54,19.2,211,75.1,268
"Regional School District 10","=""2100012""","Har-Bur Middle School","=""2105112""","*","*","*","*","*","*","*","*","*","*","*","*","*","*","*","*","*"
"Regional School District 11","=""2110012""","Parish Hill High School","=""2116112""",41,41,100.0,41,"*","*","*","*","*","*",25,61.0,"*","*","*","*",252
"Regional School District 12","=""2120012""","Shepaug Valley School","=""2120312""","*","*","*","*","*","*","*","*","*","*","*","*","*","*","*","*","*"
"Regional School District 13","=""2130012""","Frank Ward Strong School","=""2135112""",156,155,99.4,155,"*","*","*","*",18,11.6,81,52.3,45,29.0,126,81.3,279
"Regional School District 14","=""2140012""","Woodbury Middle School","=""2145112""",102,101,99.0,101,"*","*","*","*",17,16.8,58,57.4,19,18.8,77,76.2,267
"Regional School District 15","=""2150012""","Memorial Middle School","=""2155212""",154,153,99.4,153,"*","*","*","*",21,13.7,80,52.3,44,28.8,124,81.0,276
"Regional School District 15","=""2150012""","Rochambeau Middle School","=""2155112""",193,193,100.0,193,"*","*","*","*",25,13.0,106,54.9,51,26.4,157,81.3,278
"Regional School District 16","=""2160012""","Long River Middle School","=""2165112""",194,191,98.5,191,11,5.8,13,6.8,31,16.2,107,56.0,29,15.2,136,71.2,260
"Regional School District 17","=""2170012""","Haddam-Killingworth Middle School","=""2175112""",186,184,98.9,184,9,4.9,9,4.9,18,9.8,89,48.4,59,32.1,148,80.4,277
"Regional School District 18","=""2180012""","Lyme-Old Lyme Middle School","=""2185112""","*","*","*","*",0,0.0,"*","*","*","*","*","*","*","*","*","*","*"
"Ridgefield School District","=""1180011""","East Ridge Middle School","=""1185111""",239,238,99.6,238,"*","*","*","*",18,7.6,128,53.8,82,34.5,210,88.2,284
"Ridgefield School District","=""1180011""","Scotts Ridge Middle School","=""1185211""",173,173,100.0,173,"*","*","*","*",14,8.1,80,46.2,73,42.2,153,88.4,289
"Rocky Hill School District","=""1190011""","Albert D. Griswold Middle School","=""1195111""","*","*","*","*","*","*","*","*","*","*","*","*","*","*","*","*","*"
"Rocky Hill School District","=""1190011""","Pathways","=""1190311""","*","*","*","*","*","*","*","*","*","*","*","*","*","*","*","*","*"
"Salem School District","=""1210011""","Salem Elementary School","=""1210111""",36,36,100.0,36,"*","*","*","*",9,25.0,20,55.6,"*","*","*","*",268
"Salisbury School District","=""1220011""","Salisbury Central School","=""1220111""",28,28,100.0,28,"*","*",0,0.0,"*","*",15,53.6,11,39.3,26,92.9,287
"Seymour School District","=""1240011""","Seymour Middle School","=""1245111""",189,188,99.5,188,20,10.6,21,11.2,37,19.7,90,47.9,20,10.6,110,58.5,252
"Sharon School District","=""1250011""","Sharon Center School","=""1250111""",16,15,"*",15,"*","*","*","*","*","*","*","*","*","*","*","*","*"
"Shelton School District","=""1260011""","Intermediate School","=""1265111""","*","*","*","*","*","*","*","*","*","*","*","*","*","*","*","*","*"
"Sherman School District","=""1270011""","Sherman School","=""1270111""",37,37,100.0,37,"*","*","*","*","*","*",24,64.9,7,18.9,31,83.8,269
"Side By Side Charter School District","=""2700013""","Side By Side Charter School","=""2700113""",21,21,100.0,21,"*","*","*","*",9,42.9,"*","*","*","*","*","*",238
"Simsbury School District","=""1280011""","Henry James Memorial School","=""1285111""","*","*","*","*","*","*","*","*","*","*","*","*","*","*","*","*","*"
"Somers School District","=""1290011""","Mabelle B. Avery Middle School","=""1295111""",115,114,99.1,114,"*","*","*","*",20,17.5,59,51.8,24,21.1,83,72.8,267
"South Windsor School District","=""1320011""","Timothy Edwards School","=""1325111""",343,342,99.7,342,10,2.9,19,5.6,35,10.2,170,49.7,108,31.6,278,81.3,279
"Southington School District","=""1310011""","John F. Kennedy Middle School","=""1315311""",303,302,99.7,302,18,6.0,10,3.3,38,12.6,193,63.9,43,14.2,236,78.1,265
"Southington School District","=""1310011""","Joseph A. Depaolo Middle School","=""1315111""",250,249,99.6,249,16,6.4,18,7.2,44,17.7,134,53.8,37,14.9,171,68.7,261
"Southington School District","=""1310011""","Therapeutic Educational Alternative Model (TEAM)","=""1311611""","*","*","*","*","*","*","*","*","*","*","*","*","*","*","*","*","*"
"Sprague School District","=""1330011""","Sayles School","=""1330111""",42,42,100.0,42,0,0.0,"*","*","*","*",27,64.3,9,21.4,36,85.7,270
"Stafford School District","=""1340011""","Stafford Middle School","=""1345211""","*","*","*","*","*","*","*","*","*","*","*","*","*","*","*","*","*"
"Stamford School District","=""1350011""","Cloonan School","=""1355611""",181,177,97.8,177,36,20.3,15,8.5,33,18.6,70,39.5,23,13.0,93,52.5,244
"Stamford School District","=""1350011""","Dolan School","=""1355311""",181,177,97.8,177,31,17.5,16,9.0,26,14.7,77,43.5,27,15.3,104,58.8,250
"Stamford School District","=""1350011""","Rippowam Middle School","=""1355811""",259,254,98.1,254,52,20.5,25,9.8,51,20.1,102,40.2,24,9.4,126,49.6,243
"Stamford School District","=""1350011""","Rogers International School","=""1350811""",84,84,100.0,84,12,14.3,6,7.1,11,13.1,41,48.8,14,16.7,55,65.5,258
"Stamford School District","=""1350011""","Scofield Middle School","=""1355711""",198,196,99.0,196,12,6.1,18,9.2,25,12.8,90,45.9,51,26.0,141,71.9,268
"Stamford School District","=""1350011""","Turn of River School","=""1355511""",202,202,100.0,202,62,30.7,15,7.4,31,15.3,78,38.6,16,7.9,94,46.5,235
"Sterling School District","=""1360011""","Sterling Community School","=""1360311""","*","*","*","*","*","*","*","*","*","*","*","*","*","*","*","*","*"
"Stonington School District","=""1370011""","Mystic Middle School","=""1375211""",105,104,99.0,104,"*","*","*","*",13,12.5,54,51.9,33,31.7,87,83.7,281
"Stonington School District","=""1370011""","Pawcatuck Middle School","=""1375111""","*","*","*","*","*","*",7,9.7,"*","*","*","*","*","*","*","*","*"
"Stratford School District","=""1380011""","David Wooster Middle School","=""1385211""",268,267,99.6,267,26,9.7,29,10.9,54,20.2,122,45.7,36,13.5,158,59.2,254
"Stratford School District","=""1380011""","Harry B. Flood Middle School","=""1385311""",267,265,99.3,265,51,19.2,37,14.0,61,23.0,103,38.9,13,4.9,116,43.8,238
"Stratford School District","=""1380011""","Middle School STEPS 7-8","=""1381911""","*","*","*","*","*","*","*","*","*","*","*","*","*","*","*","*","*"
"Suffield School District","=""1390011""","Suffield Middle School","=""1395111""","*","*","*","*","*","*","*","*","*","*","*","*","*","*","*","*","*"
"The Bridge Academy District","=""2690013""","The Bridge Academy","=""2696113""",49,49,100.0,49,18,36.7,14,28.6,11,22.4,6,12.2,0,0.0,6,12.2,211
"The Gilbert School District","=""9020022""","The Gilbert School","=""9026122""",89,89,100.0,89,6,6.7,13,14.6,24,27.0,40,44.9,6,6.7,46,51.7,248
"Thomaston School District","=""1400011""","Thomaston High School","=""1406211""",70,70,100.0,70,6,8.6,6,8.6,14,20.0,36,51.4,8,11.4,44,62.9,257
"Thompson School District","=""1410011""","Thompson Middle School","=""1415111""",77,77,100.0,77,"*","*","*","*",20,26.0,38,49.4,8,10.4,46,59.7,255
"Tolland School District","=""1420011""","Tolland Middle School","=""1425111""",236,236,100.0,236,9,3.8,7,3.0,22,9.3,144,61.0,54,22.9,198,83.9,275
"Torrington School District","=""1430011""","Torrington Middle School","=""1435111""",330,325,98.5,325,39,12.0,36,11.1,61,18.8,166,51.1,23,7.1,189,58.2,248
"Trailblazers Academy District","=""2780013""","Trailblazers Academy","=""2785113""",41,36,87.8,36,17,47.2,11,30.6,"*","*","*","*",0,0.0,"*","*",207
"Trumbull School District","=""1440011""","Hillcrest Middle School","=""1445211""",235,234,99.6,234,10,4.3,8,3.4,27,11.5,118,50.4,71,30.3,189,80.8,277
"Trumbull School District","=""1440011""","Madison Middle School","=""1445111""",224,221,98.7,221,6,2.7,9,4.1,38,17.2,97,43.9,71,32.1,168,76.0,276
"Trumbull School District","=""1440011""","REACH","=""1440511""","*","*","*","*","*","*","*","*","*","*","*","*","*","*","*","*","*"
"Unified School District #2","=""3470015""","Children's Place School","=""3470115""",8,8,"*",8,"*","*","*","*","*","*","*","*","*","*","*","*","*"
"Unified School District #2","=""3470015""","Riverview School","=""3470315""",8,8,"*",8,"*","*","*","*","*","*","*","*","*","*","*","*","*"
"Unified School District #2","=""3470015""","Walter G. Cady School","=""3476715""","*","*","*","*","*","*","*","*","*","*","*","*","*","*","*","*","*"
"Union School District","=""1450011""","Union Elementary School","=""1450111""",10,10,"*",10,"*","*","*","*","*","*","*","*","*","*","*","*","*"
"Vernon School District","=""1460011""","Loveland Hill School","=""1460511""","*","*","*","*","*","*","*","*","*","*","*","*","*","*","*","*","*"
"Vernon School District","=""1460011""","Vernon Center Middle School","=""1465111""",203,202,99.5,202,29,14.4,32,15.8,31,15.3,99,49.0,11,5.4,110,54.5,245
"Voluntown School District","=""1470011""","Voluntown Elementary School","=""1470111""",31,31,100.0,31,"*","*","*","*","*","*",24,77.4,"*","*","*","*",263
"Wallingford School District","=""1480011""","A.R.T.S. Academy","=""1489011""","*","*","*","*","*","*","*","*","*","*","*","*","*","*","*","*","*"
"Wallingford School District","=""1480011""","Dag Hammarskjold Middle School","=""1485211""",234,233,99.6,233,11,4.7,10,4.3,36,15.5,116,49.8,60,25.8,176,75.5,272
"Wallingford School District","=""1480011""","James H. Moran Middle School","=""1485311""",237,232,97.9,232,15,6.5,11,4.7,44,19.0,123,53.0,39,16.8,162,69.8,264
"Waterbury School District","=""1510011""","West Side Middle School","=""1515211""",328,326,99.4,326,123,37.7,52,16.0,67,20.6,79,24.2,"*","*","*","*",216
"Waterbury School District","=""1510011""","Bridgeport Detention Center","=""3480115""","*","*","*","*","*","*","*","*","*","*","*","*","*","*","*","*","*"
"Waterbury School District","=""1510011""","Carrington School","=""1512711""",53,53,100.0,53,12,22.6,"*","*",13,24.5,17,32.1,"*","*","*","*",232
"Waterbury School District","=""1510011""","Duggan School","=""1511611""",44,44,100.0,44,17,38.6,"*","*",7,15.9,12,27.3,"*","*","*","*",221
"Waterbury School District","=""1510011""","Enlightenment School","=""1519111""",26,24,92.3,23,18,78.3,"*","*","*","*",0,0.0,0,0.0,0,0.0,183
"Waterbury School District","=""1510011""","Excel III","=""1513911""","*","*","*","*","*","*","*","*","*","*","*","*","*","*","*","*","*"
"Waterbury School District","=""1510011""","Gilmartin School","=""1512611""",51,51,100.0,51,20,39.2,"*","*",12,23.5,12,23.5,"*","*","*","*",218
"Waterbury School District","=""1510011""","Michael F. Wallace Middle School","=""1515111""",371,362,97.6,362,145,40.1,55,15.2,71,19.6,83,22.9,8,2.2,91,25.1,217
"Waterbury School District","=""1510011""","North End Middle School","=""1515311""",314,312,99.4,312,124,39.7,47,15.1,68,21.8,65,20.8,8,2.6,73,23.4,217
"Waterbury School District","=""1510011""","Reed School","=""1513411""",27,27,100.0,27,16,59.3,"*","*","*","*","*","*",0,0.0,"*","*",200
"Waterbury School District","=""1510011""","State Street School","=""1519011""",6,"*","*","*","*","*","*","*","*","*","*","*","*","*","*","*","*"
"Waterbury School District","=""1510011""","Waterbury Arts Magnet School (Middle)","=""1515011""",107,107,100.0,107,21,19.6,"*","*",17,15.9,55,51.4,"*","*","*","*",242
"Waterford School District","=""1520011""","Clark Lane Middle School","=""1525111""","*","*","*","*","*","*","*","*","*","*","*","*","*","*","*","*","*"
"Watertown School District","=""1530011""","Bridgeport Detention Center","=""3480115""","*","*","*","*","*","*","*","*","*","*","*","*","*","*","*","*","*"
"Watertown School District","=""1530011""","Swift Middle School","=""1535111""",221,221,100.0,221,16,7.2,17,7.7,41,18.6,126,57.0,21,9.5,147,66.5,256
"West Hartford School District","=""1550011""","Bristow Middle School","=""1555311""",139,139,100.0,139,"*","*","*","*",18,12.9,61,43.9,50,36.0,111,79.9,280
"West Hartford School District","=""1550011""","King Philip Middle School","=""1555111""",279,277,99.3,277,15,5.4,21,7.6,39,14.1,128,46.2,74,26.7,202,72.9,270
"West Hartford School District","=""1550011""","Sedgwick Middle School","=""1555211""",262,257,98.1,257,25,9.7,18,7.0,32,12.5,121,47.1,61,23.7,182,70.8,267
"West Haven School District","=""1560011""","Harry M. Bailey Middle School","=""1565111""",424,422,99.5,422,102,24.2,56,13.3,90,21.3,142,33.6,32,7.6,174,41.2,236
"West Haven School District","=""1560011""","PACE","=""1560211""","*","*","*","*","*","*","*","*","*","*","*","*","*","*","*","*","*"
"Westbrook School District","=""1540011""","Westbrook Middle School","=""1545111""",53,53,100.0,53,"*","*","*","*","*","*",22,41.5,24,45.3,46,86.8,297
"Weston School District","=""1570011""","Weston Middle School","=""1575111""",184,182,98.9,182,"*","*","*","*",21,11.5,110,60.4,45,24.7,155,85.2,277
"Westport School District","=""1580011""","Bedford Middle School","=""1585111""",282,279,98.9,279,"*","*","*","*",28,10.0,144,51.6,97,34.8,241,86.4,284
"Westport School District","=""1580011""","Coleytown Middle School","=""1585311""","*","*","*","*","*","*","*","*","*","*","*","*","*","*","*","*","*"
"Wethersfield School District","=""1590011""","Silas Deane Middle School","=""1595211""","*","*","*","*","*","*","*","*","*","*","*","*","*","*","*","*","*"
"Willington School District","=""1600011""","Hall Memorial School","=""1605111""","*","*","*","*","*","*","*","*","*","*","*","*","*","*","*","*","*"
"Wilton School District","=""1610011""","Middlebrook School","=""1615211""",342,330,96.5,330,"*","*","*","*",25,7.6,158,47.9,135,40.9,293,88.8,287
"Windham School District","=""1630011""","Charles H. Barrows STEM Academy","=""1630411""","*","*","*","*","*","*","*","*","*","*","*","*",9,16.4,"*","*","*"
"Windham School District","=""1630011""","Windham Middle School","=""1635111""",193,190,98.4,190,87,45.8,33,17.4,"*","*",36,18.9,"*","*","*","*",213
"Windsor Locks School District","=""1650011""","Windsor Locks Middle School","=""1655111""","*","*","*","*","*","*","*","*","*","*","*","*","*","*","*","*","*"
"Windsor School District","=""1640011""","Sage Park Middle School","=""1645311""",247,245,99.2,245,34,13.9,35,14.3,40,16.3,97,39.6,39,15.9,136,55.5,253
"Wolcott School District","=""1660011""","Tyrrell Middle School","=""1665111""","*","*","*","*","*","*","*","*","*","*","*","*","*","*","*","*","*"
"Woodstock School District","=""1690011""","Woodstock Middle School","=""1695111""",96,96,100.0,96,"*","*","*","*",8,8.3,57,59.4,26,27.1,83,86.5,278

