"Students with Disabilities Spending 79.1-100% of Time with Nondisabled Peers (Ages 6-21), 2012-13"
"All Districts"
"Notes:"
"Data included in this report represent students ages 6-21 only."
"At this time, the only data included in this report are for students spending 79.1-100% of Time with Nondisabled Peers. In the future this report will be updated to include all Time with Nondisabled Peer categories (i.e., 0-40% and 40.1-79%)."
"At the district-level, this report includes only students with disabilities for whom the district is fiscally responsible, regardless of where the student is educated. At the school-level, a student is included as long as they are attending the selected school, regardless of the district with fiscal responsibility."

"",,,"2012-13",
"District","District Code","Disability","Count","Rate (%)"
"Andover School District","=""0010011""","All Disabilities",14,70.0
"Andover School District","=""0010011""","Autism","*","*"
"Andover School District","=""0010011""","Intellectual Disability","*","*"
"Andover School District","=""0010011""","Learning Disability","*","*"
"Andover School District","=""0010011""","Other Health Impairment","*","*"
"Andover School District","=""0010011""","Speech Language Impairment","*","*"
"Ansonia School District","=""0020011""","All Disabilities",219,73.7
"Ansonia School District","=""0020011""","Autism",10,29.4
"Ansonia School District","=""0020011""","Emotional Disturbance",6,30.0
"Ansonia School District","=""0020011""","Intellectual Disability",16,69.6
"Ansonia School District","=""0020011""","Learning Disability",80,96.4
"Ansonia School District","=""0020011""","Other Disabilities",8,32.0
"Ansonia School District","=""0020011""","Other Health Impairment",63,82.9
"Ansonia School District","=""0020011""","Speech Language Impairment",36,100.0
"Ashford School District","=""0030011""","All Disabilities",32,72.7
"Ashford School District","=""0030011""","Autism","*","*"
"Ashford School District","=""0030011""","Emotional Disturbance","*","*"
"Ashford School District","=""0030011""","Intellectual Disability",0,0
"Ashford School District","=""0030011""","Learning Disability",7,"*"
"Ashford School District","=""0030011""","Other Disabilities",0,0
"Ashford School District","=""0030011""","Other Health Impairment",9,"*"
"Ashford School District","=""0030011""","Speech Language Impairment",10,"*"
"Avon School District","=""0040011""","All Disabilities",207,60.3
"Avon School District","=""0040011""","Autism","*","*"
"Avon School District","=""0040011""","Emotional Disturbance","*","*"
"Avon School District","=""0040011""","Intellectual Disability",0,0
"Avon School District","=""0040011""","Learning Disability",66,63.5
"Avon School District","=""0040011""","Other Disabilities",0,0
"Avon School District","=""0040011""","Other Health Impairment",50,67.6
"Avon School District","=""0040011""","Speech Language Impairment",59,84.3
"Barkhamsted School District","=""0050011""","All Disabilities",27,77.1
"Barkhamsted School District","=""0050011""","Autism","*","*"
"Barkhamsted School District","=""0050011""","Learning Disability",14,"*"
"Barkhamsted School District","=""0050011""","Other Disabilities",0,0
"Barkhamsted School District","=""0050011""","Other Health Impairment","*","*"
"Barkhamsted School District","=""0050011""","Speech Language Impairment",9,"*"
"Berlin School District","=""0070011""","All Disabilities",191,67.3
"Berlin School District","=""0070011""","Autism",18,52.9
"Berlin School District","=""0070011""","Emotional Disturbance",7,"*"
"Berlin School District","=""0070011""","Intellectual Disability","*","*"
"Berlin School District","=""0070011""","Learning Disability",69,76.7
"Berlin School District","=""0070011""","Other Disabilities","*","*"
"Berlin School District","=""0070011""","Other Health Impairment",37,64.9
"Berlin School District","=""0070011""","Speech Language Impairment",55,73.3
"Bethany School District","=""0080011""","All Disabilities",35,66.0
"Bethany School District","=""0080011""","Autism","*","*"
"Bethany School District","=""0080011""","Emotional Disturbance","*","*"
"Bethany School District","=""0080011""","Intellectual Disability",0,0
"Bethany School District","=""0080011""","Learning Disability",17,"*"
"Bethany School District","=""0080011""","Other Disabilities",0,0
"Bethany School District","=""0080011""","Other Health Impairment","*","*"
"Bethany School District","=""0080011""","Speech Language Impairment",11,"*"
"Bethel School District","=""0090011""","All Disabilities",215,71.4
"Bethel School District","=""0090011""","Autism",12,38.7
"Bethel School District","=""0090011""","Emotional Disturbance","*","*"
"Bethel School District","=""0090011""","Intellectual Disability","*","*"
"Bethel School District","=""0090011""","Learning Disability",97,80.2
"Bethel School District","=""0090011""","Other Disabilities",13,33.3
"Bethel School District","=""0090011""","Other Health Impairment",51,94.4
"Bethel School District","=""0090011""","Speech Language Impairment",36,100.0
"Bloomfield School District","=""0110011""","All Disabilities",134,63.5
"Bloomfield School District","=""0110011""","Autism","*","*"
"Bloomfield School District","=""0110011""","Emotional Disturbance",14,53.8
"Bloomfield School District","=""0110011""","Intellectual Disability",7,"*"
"Bloomfield School District","=""0110011""","Learning Disability",56,76.7
"Bloomfield School District","=""0110011""","Other Disabilities","*","*"
"Bloomfield School District","=""0110011""","Other Health Impairment",15,65.2
"Bloomfield School District","=""0110011""","Speech Language Impairment",34,85.0
"Bolton School District","=""0120011""","All Disabilities",54,64.3
"Bolton School District","=""0120011""","Autism","*","*"
"Bolton School District","=""0120011""","Emotional Disturbance",6,"*"
"Bolton School District","=""0120011""","Intellectual Disability","*","*"
"Bolton School District","=""0120011""","Learning Disability",21,77.8
"Bolton School District","=""0120011""","Other Disabilities","*","*"
"Bolton School District","=""0120011""","Other Health Impairment",15,55.6
"Bolton School District","=""0120011""","Speech Language Impairment",6,"*"
"Bozrah School District","=""0130011""","All Disabilities",28,71.8
"Bozrah School District","=""0130011""","Autism","*","*"
"Bozrah School District","=""0130011""","Emotional Disturbance","*","*"
"Bozrah School District","=""0130011""","Learning Disability",12,"*"
"Bozrah School District","=""0130011""","Other Disabilities","*","*"
"Bozrah School District","=""0130011""","Other Health Impairment","*","*"
"Bozrah School District","=""0130011""","Speech Language Impairment","*","*"
"Branford School District","=""0140011""","All Disabilities",287,65.7
"Branford School District","=""0140011""","Autism",17,41.5
"Branford School District","=""0140011""","Emotional Disturbance",31,53.4
"Branford School District","=""0140011""","Intellectual Disability","*","*"
"Branford School District","=""0140011""","Learning Disability",85,71.4
"Branford School District","=""0140011""","Other Disabilities","*","*"
"Branford School District","=""0140011""","Other Health Impairment",83,79.0
"Branford School District","=""0140011""","Speech Language Impairment",61,76.3
"Bridgeport School District","=""0150011""","All Disabilities",1200,46.4
"Bridgeport School District","=""0150011""","Autism",40,20.5
"Bridgeport School District","=""0150011""","Emotional Disturbance",77,30.4
"Bridgeport School District","=""0150011""","Intellectual Disability",25,19.7
"Bridgeport School District","=""0150011""","Learning Disability",552,55.4
"Bridgeport School District","=""0150011""","Other Disabilities",44,25.3
"Bridgeport School District","=""0150011""","Other Health Impairment",211,47.2
"Bridgeport School District","=""0150011""","Speech Language Impairment",251,63.7
"Bristol School District","=""0170011""","All Disabilities",661,57.0
"Bristol School District","=""0170011""","Autism",27,35.5
"Bristol School District","=""0170011""","Emotional Disturbance",28,22.4
"Bristol School District","=""0170011""","Intellectual Disability",7,"*"
"Bristol School District","=""0170011""","Learning Disability",308,72.8
"Bristol School District","=""0170011""","Other Disabilities",12,17.6
"Bristol School District","=""0170011""","Other Health Impairment",158,53.0
"Bristol School District","=""0170011""","Speech Language Impairment",121,76.6
"Brookfield School District","=""0180011""","All Disabilities",230,82.7
"Brookfield School District","=""0180011""","Autism",24,58.5
"Brookfield School District","=""0180011""","Emotional Disturbance","*","*"
"Brookfield School District","=""0180011""","Intellectual Disability",0,0
"Brookfield School District","=""0180011""","Learning Disability",84,91.3
"Brookfield School District","=""0180011""","Other Disabilities","*","*"
"Brookfield School District","=""0180011""","Other Health Impairment",65,92.9
"Brookfield School District","=""0180011""","Speech Language Impairment",37,97.4
"Brooklyn School District","=""0190011""","All Disabilities",80,60.6
"Brooklyn School District","=""0190011""","Autism","*","*"
"Brooklyn School District","=""0190011""","Emotional Disturbance","*","*"
"Brooklyn School District","=""0190011""","Intellectual Disability",0,0
"Brooklyn School District","=""0190011""","Learning Disability",48,80.0
"Brooklyn School District","=""0190011""","Other Disabilities","*","*"
"Brooklyn School District","=""0190011""","Other Health Impairment",11,50.0
"Brooklyn School District","=""0190011""","Speech Language Impairment",13,"*"
"Canaan School District","=""0210011""","All Disabilities",8,"*"
"Canaan School District","=""0210011""","Learning Disability","*","*"
"Canaan School District","=""0210011""","Other Disabilities",0,"*"
"Canaan School District","=""0210011""","Other Health Impairment","*","*"
"Canaan School District","=""0210011""","Speech Language Impairment","*","*"
"Canterbury School District","=""0220011""","All Disabilities",43,67.2
"Canterbury School District","=""0220011""","Autism",6,"*"
"Canterbury School District","=""0220011""","Emotional Disturbance","*","*"
"Canterbury School District","=""0220011""","Learning Disability",15,"*"
"Canterbury School District","=""0220011""","Other Disabilities","*","*"
"Canterbury School District","=""0220011""","Other Health Impairment",14,"*"
"Canterbury School District","=""0220011""","Speech Language Impairment",6,"*"
"Canton School District","=""0230011""","All Disabilities",101,67.3
"Canton School District","=""0230011""","Autism",12,50.0
"Canton School District","=""0230011""","Emotional Disturbance","*","*"
"Canton School District","=""0230011""","Intellectual Disability","*","*"
"Canton School District","=""0230011""","Learning Disability",32,66.7
"Canton School District","=""0230011""","Other Disabilities","*","*"
"Canton School District","=""0230011""","Other Health Impairment",37,100.0
"Canton School District","=""0230011""","Speech Language Impairment",12,"*"
"Chaplin School District","=""0240011""","All Disabilities",14,"*"
"Chaplin School District","=""0240011""","Learning Disability",9,"*"
"Chaplin School District","=""0240011""","Other Disabilities",0,"*"
"Chaplin School District","=""0240011""","Other Health Impairment","*","*"
"Chaplin School District","=""0240011""","Speech Language Impairment","*","*"
"Cheshire School District","=""0250011""","All Disabilities",266,59.6
"Cheshire School District","=""0250011""","Autism",27,45.0
"Cheshire School District","=""0250011""","Emotional Disturbance",16,39.0
"Cheshire School District","=""0250011""","Intellectual Disability",6,25.0
"Cheshire School District","=""0250011""","Learning Disability",84,71.2
"Cheshire School District","=""0250011""","Other Disabilities",7,25.0
"Cheshire School District","=""0250011""","Other Health Impairment",82,67.2
"Cheshire School District","=""0250011""","Speech Language Impairment",44,83.0
"Chester School District","=""0260011""","All Disabilities",36,94.7
"Chester School District","=""0260011""","Autism","*","*"
"Chester School District","=""0260011""","Emotional Disturbance",0,0
"Chester School District","=""0260011""","Intellectual Disability","*","*"
"Chester School District","=""0260011""","Learning Disability",17,"*"
"Chester School District","=""0260011""","Other Health Impairment",9,"*"
"Chester School District","=""0260011""","Speech Language Impairment",7,"*"
"Clinton School District","=""0270011""","All Disabilities",117,61.9
"Clinton School District","=""0270011""","Autism",12,54.5
"Clinton School District","=""0270011""","Emotional Disturbance","*","*"
"Clinton School District","=""0270011""","Intellectual Disability",0,0
"Clinton School District","=""0270011""","Learning Disability",47,75.8
"Clinton School District","=""0270011""","Other Disabilities","*","*"
"Clinton School District","=""0270011""","Other Health Impairment",23,59.0
"Clinton School District","=""0270011""","Speech Language Impairment",28,77.8
"Colchester School District","=""0280011""","All Disabilities",289,87.0
"Colchester School District","=""0280011""","Autism",23,65.7
"Colchester School District","=""0280011""","Emotional Disturbance",28,68.3
"Colchester School District","=""0280011""","Intellectual Disability",11,"*"
"Colchester School District","=""0280011""","Learning Disability",103,98.1
"Colchester School District","=""0280011""","Other Disabilities",6,"*"
"Colchester School District","=""0280011""","Other Health Impairment",43,87.8
"Colchester School District","=""0280011""","Speech Language Impairment",75,98.7
"Colebrook School District","=""0290011""","All Disabilities",13,"*"
"Colebrook School District","=""0290011""","Autism","*","*"
"Colebrook School District","=""0290011""","Emotional Disturbance","*","*"
"Colebrook School District","=""0290011""","Intellectual Disability","*","*"
"Colebrook School District","=""0290011""","Learning Disability","*","*"
"Colebrook School District","=""0290011""","Other Health Impairment","*","*"
"Colebrook School District","=""0290011""","Speech Language Impairment","*","*"
"Columbia School District","=""0300011""","All Disabilities",47,72.3
"Columbia School District","=""0300011""","Autism","*","*"
"Columbia School District","=""0300011""","Emotional Disturbance","*","*"
"Columbia School District","=""0300011""","Intellectual Disability",0,0
"Columbia School District","=""0300011""","Learning Disability",24,100.0
"Columbia School District","=""0300011""","Other Disabilities","*","*"
"Columbia School District","=""0300011""","Other Health Impairment",12,"*"
"Columbia School District","=""0300011""","Speech Language Impairment","*","*"
"Connecticut Technical High School System","=""9000016""","All Disabilities",796,99.9
"Connecticut Technical High School System","=""9000016""","Autism",38,100.0
"Connecticut Technical High School System","=""9000016""","Emotional Disturbance",36,100.0
"Connecticut Technical High School System","=""9000016""","Intellectual Disability","*","*"
"Connecticut Technical High School System","=""9000016""","Learning Disability",457,100.0
"Connecticut Technical High School System","=""9000016""","Other Disabilities","*","*"
"Connecticut Technical High School System","=""9000016""","Other Health Impairment",208,100.0
"Connecticut Technical High School System","=""9000016""","Speech Language Impairment",46,100.0
"Cornwall School District","=""0310011""","All Disabilities",7,"*"
"Cornwall School District","=""0310011""","Autism","*","*"
"Cornwall School District","=""0310011""","Learning Disability","*","*"
"Cornwall School District","=""0310011""","Other Disabilities",0,"*"
"Cornwall School District","=""0310011""","Other Health Impairment","*","*"
"Cornwall School District","=""0310011""","Speech Language Impairment","*","*"
"Coventry School District","=""0320011""","All Disabilities",154,77.4
"Coventry School District","=""0320011""","Autism",8,"*"
"Coventry School District","=""0320011""","Emotional Disturbance",17,60.7
"Coventry School District","=""0320011""","Intellectual Disability","*","*"
"Coventry School District","=""0320011""","Learning Disability",71,95.9
"Coventry School District","=""0320011""","Other Disabilities","*","*"
"Coventry School District","=""0320011""","Other Health Impairment",21,87.5
"Coventry School District","=""0320011""","Speech Language Impairment",33,97.1
"Cromwell School District","=""0330011""","All Disabilities",144,77.4
"Cromwell School District","=""0330011""","Autism",15,57.7
"Cromwell School District","=""0330011""","Emotional Disturbance","*","*"
"Cromwell School District","=""0330011""","Intellectual Disability","*","*"
"Cromwell School District","=""0330011""","Learning Disability",51,94.4
"Cromwell School District","=""0330011""","Other Disabilities",6,28.6
"Cromwell School District","=""0330011""","Other Health Impairment",21,100.0
"Cromwell School District","=""0330011""","Speech Language Impairment",44,95.7
"Danbury School District","=""0340011""","All Disabilities",732,69.4
"Danbury School District","=""0340011""","Autism",53,46.9
"Danbury School District","=""0340011""","Emotional Disturbance",21,35.0
"Danbury School District","=""0340011""","Intellectual Disability",17,35.4
"Danbury School District","=""0340011""","Learning Disability",378,81.5
"Danbury School District","=""0340011""","Other Disabilities",14,27.5
"Danbury School District","=""0340011""","Other Health Impairment",127,74.3
"Danbury School District","=""0340011""","Speech Language Impairment",122,83.0
"Darien School District","=""0350011""","All Disabilities",434,78.8
"Darien School District","=""0350011""","Autism",29,53.7
"Darien School District","=""0350011""","Emotional Disturbance","*","*"
"Darien School District","=""0350011""","Intellectual Disability","*","*"
"Darien School District","=""0350011""","Learning Disability",163,91.1
"Darien School District","=""0350011""","Other Disabilities",12,48.0
"Darien School District","=""0350011""","Other Health Impairment",127,81.9
"Darien School District","=""0350011""","Speech Language Impairment",95,84.1
"Deep River School District","=""0360011""","All Disabilities",31,83.8
"Deep River School District","=""0360011""","Autism","*","*"
"Deep River School District","=""0360011""","Emotional Disturbance","*","*"
"Deep River School District","=""0360011""","Intellectual Disability","*","*"
"Deep River School District","=""0360011""","Learning Disability",13,"*"
"Deep River School District","=""0360011""","Other Health Impairment",6,"*"
"Deep River School District","=""0360011""","Speech Language Impairment","*","*"
"Department of Mental Health and Addiction Services","=""3370015""","All Disabilities",0,"*"
"Department of Mental Health and Addiction Services","=""3370015""","Emotional Disturbance",0,"*"
"Department of Mental Health and Addiction Services","=""3370015""","Other Disabilities",0,"*"
"Derby School District","=""0370011""","All Disabilities",113,64.2
"Derby School District","=""0370011""","Autism","*","*"
"Derby School District","=""0370011""","Emotional Disturbance",7,"*"
"Derby School District","=""0370011""","Intellectual Disability","*","*"
"Derby School District","=""0370011""","Learning Disability",41,80.4
"Derby School District","=""0370011""","Other Disabilities",0,0
"Derby School District","=""0370011""","Other Health Impairment",16,57.1
"Derby School District","=""0370011""","Speech Language Impairment",42,72.4
"East Granby School District","=""0400011""","All Disabilities",79,94.0
"East Granby School District","=""0400011""","Autism",7,"*"
"East Granby School District","=""0400011""","Emotional Disturbance","*","*"
"East Granby School District","=""0400011""","Intellectual Disability","*","*"
"East Granby School District","=""0400011""","Learning Disability",37,100.0
"East Granby School District","=""0400011""","Other Disabilities","*","*"
"East Granby School District","=""0400011""","Other Health Impairment",16,"*"
"East Granby School District","=""0400011""","Speech Language Impairment",10,"*"
"East Haddam School District","=""0410011""","All Disabilities",115,75.7
"East Haddam School District","=""0410011""","Autism",11,55.0
"East Haddam School District","=""0410011""","Emotional Disturbance",6,"*"
"East Haddam School District","=""0410011""","Intellectual Disability","*","*"
"East Haddam School District","=""0410011""","Learning Disability",36,81.8
"East Haddam School District","=""0410011""","Other Disabilities","*","*"
"East Haddam School District","=""0410011""","Other Health Impairment",20,80.0
"East Haddam School District","=""0410011""","Speech Language Impairment",36,85.7
"East Hampton School District","=""0420011""","All Disabilities",94,68.6
"East Hampton School District","=""0420011""","Autism",17,58.6
"East Hampton School District","=""0420011""","Emotional Disturbance","*","*"
"East Hampton School District","=""0420011""","Intellectual Disability","*","*"
"East Hampton School District","=""0420011""","Learning Disability",28,73.7
"East Hampton School District","=""0420011""","Other Disabilities",0,0
"East Hampton School District","=""0420011""","Other Health Impairment",12,54.5
"East Hampton School District","=""0420011""","Speech Language Impairment",33,94.3
"East Hartford School District","=""0430011""","All Disabilities",730,70.9
"East Hartford School District","=""0430011""","Autism",35,38.5
"East Hartford School District","=""0430011""","Emotional Disturbance",53,47.3
"East Hartford School District","=""0430011""","Intellectual Disability",24,64.9
"East Hartford School District","=""0430011""","Learning Disability",240,85.4
"East Hartford School District","=""0430011""","Other Disabilities",14,21.2
"East Hartford School District","=""0430011""","Other Health Impairment",148,73.6
"East Hartford School District","=""0430011""","Speech Language Impairment",216,89.6
"East Haven School District","=""0440011""","All Disabilities",261,61.7
"East Haven School District","=""0440011""","Autism",28,51.9
"East Haven School District","=""0440011""","Emotional Disturbance",14,48.3
"East Haven School District","=""0440011""","Intellectual Disability","*","*"
"East Haven School District","=""0440011""","Learning Disability",82,75.2
"East Haven School District","=""0440011""","Other Disabilities","*","*"
"East Haven School District","=""0440011""","Other Health Impairment",48,56.5
"East Haven School District","=""0440011""","Speech Language Impairment",74,81.3
"East Lyme School District","=""0450011""","All Disabilities",244,77.5
"East Lyme School District","=""0450011""","Autism",18,41.9
"East Lyme School District","=""0450011""","Emotional Disturbance",8,"*"
"East Lyme School District","=""0450011""","Intellectual Disability","*","*"
"East Lyme School District","=""0450011""","Learning Disability",118,92.9
"East Lyme School District","=""0450011""","Other Disabilities","*","*"
"East Lyme School District","=""0450011""","Other Health Impairment",68,87.2
"East Lyme School District","=""0450011""","Speech Language Impairment",24,80.0
"East Windsor School District","=""0470011""","All Disabilities",137,71.7
"East Windsor School District","=""0470011""","Autism",11,"*"
"East Windsor School District","=""0470011""","Emotional Disturbance",16,53.3
"East Windsor School District","=""0470011""","Intellectual Disability","*","*"
"East Windsor School District","=""0470011""","Learning Disability",57,82.6
"East Windsor School District","=""0470011""","Other Disabilities","*","*"
"East Windsor School District","=""0470011""","Other Health Impairment",26,76.5
"East Windsor School District","=""0470011""","Speech Language Impairment",18,"*"
"Eastford School District","=""0390011""","All Disabilities",13,52.0
"Eastford School District","=""0390011""","Autism","*","*"
"Eastford School District","=""0390011""","Emotional Disturbance","*","*"
"Eastford School District","=""0390011""","Intellectual Disability",0,0
"Eastford School District","=""0390011""","Learning Disability","*","*"
"Eastford School District","=""0390011""","Other Disabilities",0,0
"Eastford School District","=""0390011""","Other Health Impairment","*","*"
"Eastford School District","=""0390011""","Speech Language Impairment","*","*"
"Easton School District","=""0460011""","All Disabilities",50,71.4
"Easton School District","=""0460011""","Autism","*","*"
"Easton School District","=""0460011""","Emotional Disturbance","*","*"
"Easton School District","=""0460011""","Intellectual Disability",0,0
"Easton School District","=""0460011""","Learning Disability",19,82.6
"Easton School District","=""0460011""","Other Disabilities","*","*"
"Easton School District","=""0460011""","Other Health Impairment",13,"*"
"Easton School District","=""0460011""","Speech Language Impairment",11,"*"
"Ellington School District","=""0480011""","All Disabilities",183,68.0
"Ellington School District","=""0480011""","Autism",10,"*"
"Ellington School District","=""0480011""","Emotional Disturbance",19,67.9
"Ellington School District","=""0480011""","Intellectual Disability","*","*"
"Ellington School District","=""0480011""","Learning Disability",99,75.0
"Ellington School District","=""0480011""","Other Disabilities","*","*"
"Ellington School District","=""0480011""","Other Health Impairment",20,62.5
"Ellington School District","=""0480011""","Speech Language Impairment",26,89.7
"Enfield School District","=""0490011""","All Disabilities",549,77.9
"Enfield School District","=""0490011""","Autism",45,69.2
"Enfield School District","=""0490011""","Emotional Disturbance",36,44.4
"Enfield School District","=""0490011""","Intellectual Disability",17,50.0
"Enfield School District","=""0490011""","Learning Disability",209,90.1
"Enfield School District","=""0490011""","Other Disabilities",15,33.3
"Enfield School District","=""0490011""","Other Health Impairment",85,85.9
"Enfield School District","=""0490011""","Speech Language Impairment",142,95.3
"Essex School District","=""0500011""","All Disabilities",38,86.4
"Essex School District","=""0500011""","Autism","*","*"
"Essex School District","=""0500011""","Learning Disability",6,"*"
"Essex School District","=""0500011""","Other Disabilities","*","*"
"Essex School District","=""0500011""","Other Health Impairment",11,"*"
"Essex School District","=""0500011""","Speech Language Impairment",14,"*"
"Fairfield School District","=""0510011""","All Disabilities",848,80.6
"Fairfield School District","=""0510011""","Autism",91,60.3
"Fairfield School District","=""0510011""","Emotional Disturbance",27,60.0
"Fairfield School District","=""0510011""","Intellectual Disability",6,21.4
"Fairfield School District","=""0510011""","Learning Disability",327,91.1
"Fairfield School District","=""0510011""","Other Disabilities",16,47.1
"Fairfield School District","=""0510011""","Other Health Impairment",217,86.1
"Fairfield School District","=""0510011""","Speech Language Impairment",164,89.6
"Farmington School District","=""0520011""","All Disabilities",312,74.5
"Farmington School District","=""0520011""","Autism",43,54.4
"Farmington School District","=""0520011""","Emotional Disturbance",20,71.4
"Farmington School District","=""0520011""","Intellectual Disability","*","*"
"Farmington School District","=""0520011""","Learning Disability",97,86.6
"Farmington School District","=""0520011""","Other Disabilities","*","*"
"Farmington School District","=""0520011""","Other Health Impairment",88,87.1
"Farmington School District","=""0520011""","Speech Language Impairment",56,82.4
"Franklin School District","=""0530011""","All Disabilities",23,76.7
"Franklin School District","=""0530011""","Autism","*","*"
"Franklin School District","=""0530011""","Emotional Disturbance","*","*"
"Franklin School District","=""0530011""","Intellectual Disability",0,0
"Franklin School District","=""0530011""","Learning Disability",8,"*"
"Franklin School District","=""0530011""","Other Health Impairment","*","*"
"Franklin School District","=""0530011""","Speech Language Impairment","*","*"
"Glastonbury School District","=""0540011""","All Disabilities",471,81.8
"Glastonbury School District","=""0540011""","Autism",47,66.2
"Glastonbury School District","=""0540011""","Emotional Disturbance",23,37.7
"Glastonbury School District","=""0540011""","Intellectual Disability",12,"*"
"Glastonbury School District","=""0540011""","Learning Disability",155,96.3
"Glastonbury School District","=""0540011""","Other Disabilities",11,37.9
"Glastonbury School District","=""0540011""","Other Health Impairment",148,91.9
"Glastonbury School District","=""0540011""","Speech Language Impairment",75,97.4
"Granby School District","=""0560011""","All Disabilities",146,86.4
"Granby School District","=""0560011""","Autism",12,"*"
"Granby School District","=""0560011""","Emotional Disturbance",8,"*"
"Granby School District","=""0560011""","Intellectual Disability","*","*"
"Granby School District","=""0560011""","Learning Disability",63,95.5
"Granby School District","=""0560011""","Other Disabilities","*","*"
"Granby School District","=""0560011""","Other Health Impairment",33,82.5
"Granby School District","=""0560011""","Speech Language Impairment",23,95.8
"Greenwich School District","=""0570011""","All Disabilities",621,74.9
"Greenwich School District","=""0570011""","Autism",50,64.1
"Greenwich School District","=""0570011""","Emotional Disturbance",13,26.0
"Greenwich School District","=""0570011""","Intellectual Disability",11,45.8
"Greenwich School District","=""0570011""","Learning Disability",277,82.4
"Greenwich School District","=""0570011""","Other Disabilities",16,53.3
"Greenwich School District","=""0570011""","Other Health Impairment",130,76.0
"Greenwich School District","=""0570011""","Speech Language Impairment",124,88.6
"Griswold School District","=""0580011""","All Disabilities",143,63.0
"Griswold School District","=""0580011""","Autism",11,50.0
"Griswold School District","=""0580011""","Emotional Disturbance",8,25.0
"Griswold School District","=""0580011""","Intellectual Disability","*","*"
"Griswold School District","=""0580011""","Learning Disability",54,73.0
"Griswold School District","=""0580011""","Other Disabilities","*","*"
"Griswold School District","=""0580011""","Other Health Impairment",39,69.6
"Griswold School District","=""0580011""","Speech Language Impairment",27,90.0
"Groton School District","=""0590011""","All Disabilities",475,74.1
"Groton School District","=""0590011""","Autism",39,46.4
"Groton School District","=""0590011""","Emotional Disturbance",28,48.3
"Groton School District","=""0590011""","Intellectual Disability",26,65.0
"Groton School District","=""0590011""","Learning Disability",195,89.0
"Groton School District","=""0590011""","Other Disabilities",14,37.8
"Groton School District","=""0590011""","Other Health Impairment",75,75.0
"Groton School District","=""0590011""","Speech Language Impairment",98,95.1
"Guilford School District","=""0600011""","All Disabilities",260,73.0
"Guilford School District","=""0600011""","Autism",29,50.0
"Guilford School District","=""0600011""","Emotional Disturbance",19,48.7
"Guilford School District","=""0600011""","Intellectual Disability",13,"*"
"Guilford School District","=""0600011""","Learning Disability",95,84.8
"Guilford School District","=""0600011""","Other Disabilities",7,"*"
"Guilford School District","=""0600011""","Other Health Impairment",65,86.7
"Guilford School District","=""0600011""","Speech Language Impairment",32,74.4
"Hamden School District","=""0620011""","All Disabilities",525,68.5
"Hamden School District","=""0620011""","Autism",47,44.3
"Hamden School District","=""0620011""","Emotional Disturbance",35,55.6
"Hamden School District","=""0620011""","Intellectual Disability",6,23.1
"Hamden School District","=""0620011""","Learning Disability",196,84.5
"Hamden School District","=""0620011""","Other Disabilities",8,16.7
"Hamden School District","=""0620011""","Other Health Impairment",122,76.3
"Hamden School District","=""0620011""","Speech Language Impairment",111,84.7
"Hampton School District","=""0630011""","All Disabilities",10,"*"
"Hampton School District","=""0630011""","Intellectual Disability","*","*"
"Hampton School District","=""0630011""","Learning Disability","*","*"
"Hampton School District","=""0630011""","Other Disabilities","*","*"
"Hampton School District","=""0630011""","Other Health Impairment","*","*"
"Hampton School District","=""0630011""","Speech Language Impairment","*","*"
"Hartford School District","=""0640011""","All Disabilities",2488,77.9
"Hartford School District","=""0640011""","Autism",149,61.8
"Hartford School District","=""0640011""","Emotional Disturbance",139,41.2
"Hartford School District","=""0640011""","Intellectual Disability",113,70.2
"Hartford School District","=""0640011""","Learning Disability",1220,89.4
"Hartford School District","=""0640011""","Other Disabilities",71,42.5
"Hartford School District","=""0640011""","Other Health Impairment",381,78.9
"Hartford School District","=""0640011""","Speech Language Impairment",415,94.5
"Hartland School District","=""0650011""","All Disabilities",25,92.6
"Hartland School District","=""0650011""","Autism","*","*"
"Hartland School District","=""0650011""","Emotional Disturbance","*","*"
"Hartland School District","=""0650011""","Learning Disability",11,"*"
"Hartland School District","=""0650011""","Other Health Impairment",0,0
"Hartland School District","=""0650011""","Speech Language Impairment",9,"*"
"Hebron School District","=""0670011""","All Disabilities",73,84.9
"Hebron School District","=""0670011""","Autism","*","*"
"Hebron School District","=""0670011""","Emotional Disturbance","*","*"
"Hebron School District","=""0670011""","Learning Disability",25,92.6
"Hebron School District","=""0670011""","Other Disabilities","*","*"
"Hebron School District","=""0670011""","Other Health Impairment",12,"*"
"Hebron School District","=""0670011""","Speech Language Impairment",26,96.3
"Kent School District","=""0680011""","All Disabilities",12,46.2
"Kent School District","=""0680011""","Autism","*","*"
"Kent School District","=""0680011""","Intellectual Disability",0,0
"Kent School District","=""0680011""","Learning Disability",9,"*"
"Kent School District","=""0680011""","Speech Language Impairment","*","*"
"Killingly School District","=""0690011""","All Disabilities",234,68.0
"Killingly School District","=""0690011""","Autism",22,48.9
"Killingly School District","=""0690011""","Emotional Disturbance",10,25.6
"Killingly School District","=""0690011""","Intellectual Disability",6,"*"
"Killingly School District","=""0690011""","Learning Disability",67,97.1
"Killingly School District","=""0690011""","Other Disabilities",12,42.9
"Killingly School District","=""0690011""","Other Health Impairment",62,70.5
"Killingly School District","=""0690011""","Speech Language Impairment",55,96.5
"Lebanon School District","=""0710011""","All Disabilities",82,58.2
"Lebanon School District","=""0710011""","Autism","*","*"
"Lebanon School District","=""0710011""","Emotional Disturbance",0,0
"Lebanon School District","=""0710011""","Intellectual Disability","*","*"
"Lebanon School District","=""0710011""","Learning Disability",41,66.1
"Lebanon School District","=""0710011""","Other Disabilities","*","*"
"Lebanon School District","=""0710011""","Other Health Impairment",16,59.3
"Lebanon School District","=""0710011""","Speech Language Impairment",17,85.0
"Ledyard School District","=""0720011""","All Disabilities",222,71.2
"Ledyard School District","=""0720011""","Autism",27,56.3
"Ledyard School District","=""0720011""","Emotional Disturbance",18,58.1
"Ledyard School District","=""0720011""","Intellectual Disability","*","*"
"Ledyard School District","=""0720011""","Learning Disability",64,77.1
"Ledyard School District","=""0720011""","Other Disabilities","*","*"
"Ledyard School District","=""0720011""","Other Health Impairment",61,84.7
"Ledyard School District","=""0720011""","Speech Language Impairment",36,94.7
"Lisbon School District","=""0730011""","All Disabilities",57,76.0
"Lisbon School District","=""0730011""","Autism",6,"*"
"Lisbon School District","=""0730011""","Emotional Disturbance","*","*"
"Lisbon School District","=""0730011""","Intellectual Disability","*","*"
"Lisbon School District","=""0730011""","Learning Disability",21,84.0
"Lisbon School District","=""0730011""","Other Disabilities","*","*"
"Lisbon School District","=""0730011""","Other Health Impairment",11,"*"
"Lisbon School District","=""0730011""","Speech Language Impairment",15,"*"
"Litchfield School District","=""0740011""","All Disabilities",87,77.0
"Litchfield School District","=""0740011""","Autism",0,0
"Litchfield School District","=""0740011""","Emotional Disturbance","*","*"
"Litchfield School District","=""0740011""","Intellectual Disability","*","*"
"Litchfield School District","=""0740011""","Learning Disability",39,84.8
"Litchfield School District","=""0740011""","Other Disabilities","*","*"
"Litchfield School District","=""0740011""","Other Health Impairment",23,88.5
"Litchfield School District","=""0740011""","Speech Language Impairment",22,84.6
"Madison School District","=""0760011""","All Disabilities",288,85.2
"Madison School District","=""0760011""","Autism",34,70.8
"Madison School District","=""0760011""","Emotional Disturbance",8,"*"
"Madison School District","=""0760011""","Intellectual Disability","*","*"
"Madison School District","=""0760011""","Learning Disability",128,91.4
"Madison School District","=""0760011""","Other Disabilities","*","*"
"Madison School District","=""0760011""","Other Health Impairment",90,94.7
"Madison School District","=""0760011""","Speech Language Impairment",20,90.9
"Manchester School District","=""0770011""","All Disabilities",639,71.2
"Manchester School District","=""0770011""","Autism",41,44.1
"Manchester School District","=""0770011""","Emotional Disturbance",31,32.3
"Manchester School District","=""0770011""","Intellectual Disability",11,55.0
"Manchester School District","=""0770011""","Learning Disability",255,87.6
"Manchester School District","=""0770011""","Other Disabilities",8,15.4
"Manchester School District","=""0770011""","Other Health Impairment",123,75.9
"Manchester School District","=""0770011""","Speech Language Impairment",170,92.9
"Mansfield School District","=""0780011""","All Disabilities",103,76.3
"Mansfield School District","=""0780011""","Autism",9,"*"
"Mansfield School District","=""0780011""","Emotional Disturbance","*","*"
"Mansfield School District","=""0780011""","Intellectual Disability",0,0
"Mansfield School District","=""0780011""","Learning Disability",47,87.0
"Mansfield School District","=""0780011""","Other Disabilities","*","*"
"Mansfield School District","=""0780011""","Other Health Impairment",18,81.8
"Mansfield School District","=""0780011""","Speech Language Impairment",18,81.8
"Marlborough School District","=""0790011""","All Disabilities",40,75.5
"Marlborough School District","=""0790011""","Autism","*","*"
"Marlborough School District","=""0790011""","Emotional Disturbance","*","*"
"Marlborough School District","=""0790011""","Intellectual Disability",0,0
"Marlborough School District","=""0790011""","Learning Disability",26,83.9
"Marlborough School District","=""0790011""","Other Disabilities",0,0
"Marlborough School District","=""0790011""","Other Health Impairment","*","*"
"Marlborough School District","=""0790011""","Speech Language Impairment",7,"*"
"Meriden School District","=""0800011""","All Disabilities",771,63.1
"Meriden School District","=""0800011""","Autism",58,47.9
"Meriden School District","=""0800011""","Emotional Disturbance",45,28.8
"Meriden School District","=""0800011""","Intellectual Disability",27,51.9
"Meriden School District","=""0800011""","Learning Disability",344,78.5
"Meriden School District","=""0800011""","Other Disabilities",19,23.2
"Meriden School District","=""0800011""","Other Health Impairment",157,65.7
"Meriden School District","=""0800011""","Speech Language Impairment",121,91.0
"Middletown School District","=""0830011""","All Disabilities",419,75.2
"Middletown School District","=""0830011""","Autism",26,45.6
"Middletown School District","=""0830011""","Emotional Disturbance",32,47.1
"Middletown School District","=""0830011""","Intellectual Disability",16,48.5
"Middletown School District","=""0830011""","Learning Disability",145,91.8
"Middletown School District","=""0830011""","Other Disabilities",14,41.2
"Middletown School District","=""0830011""","Other Health Impairment",84,88.4
"Middletown School District","=""0830011""","Speech Language Impairment",102,91.1
"Milford School District","=""0840011""","All Disabilities",582,73.7
"Milford School District","=""0840011""","Autism",35,40.7
"Milford School District","=""0840011""","Emotional Disturbance",38,45.2
"Milford School District","=""0840011""","Intellectual Disability",10,"*"
"Milford School District","=""0840011""","Learning Disability",128,87.1
"Milford School District","=""0840011""","Other Disabilities",23,45.1
"Milford School District","=""0840011""","Other Health Impairment",181,84.2
"Milford School District","=""0840011""","Speech Language Impairment",167,87.4
"Monroe School District","=""0850011""","All Disabilities",249,72.4
"Monroe School District","=""0850011""","Autism",27,84.4
"Monroe School District","=""0850011""","Emotional Disturbance",15,68.2
"Monroe School District","=""0850011""","Intellectual Disability","*","*"
"Monroe School District","=""0850011""","Learning Disability",99,75.6
"Monroe School District","=""0850011""","Other Disabilities","*","*"
"Monroe School District","=""0850011""","Other Health Impairment",61,82.4
"Monroe School District","=""0850011""","Speech Language Impairment",44,78.6
"Montville School District","=""0860011""","All Disabilities",187,70.0
"Montville School District","=""0860011""","Autism",16,53.3
"Montville School District","=""0860011""","Emotional Disturbance",9,32.1
"Montville School District","=""0860011""","Intellectual Disability","*","*"
"Montville School District","=""0860011""","Learning Disability",63,84.0
"Montville School District","=""0860011""","Other Disabilities","*","*"
"Montville School District","=""0860011""","Other Health Impairment",45,76.3
"Montville School District","=""0860011""","Speech Language Impairment",44,91.7
"Naugatuck School District","=""0880011""","All Disabilities",385,68.8
"Naugatuck School District","=""0880011""","Autism",21,36.8
"Naugatuck School District","=""0880011""","Emotional Disturbance","*","*"
"Naugatuck School District","=""0880011""","Intellectual Disability",18,78.3
"Naugatuck School District","=""0880011""","Learning Disability",167,74.6
"Naugatuck School District","=""0880011""","Other Disabilities","*","*"
"Naugatuck School District","=""0880011""","Other Health Impairment",87,68.0
"Naugatuck School District","=""0880011""","Speech Language Impairment",74,94.9
"New Britain School District","=""0890011""","All Disabilities",1032,69.5
"New Britain School District","=""0890011""","Autism",81,59.6
"New Britain School District","=""0890011""","Emotional Disturbance",29,22.3
"New Britain School District","=""0890011""","Intellectual Disability",44,47.8
"New Britain School District","=""0890011""","Learning Disability",468,85.6
"New Britain School District","=""0890011""","Other Disabilities",15,25.9
"New Britain School District","=""0890011""","Other Health Impairment",234,66.7
"New Britain School District","=""0890011""","Speech Language Impairment",161,94.7
"New Canaan School District","=""0900011""","All Disabilities",284,75.9
"New Canaan School District","=""0900011""","Autism",18,40.9
"New Canaan School District","=""0900011""","Emotional Disturbance","*","*"
"New Canaan School District","=""0900011""","Intellectual Disability","*","*"
"New Canaan School District","=""0900011""","Learning Disability",96,88.9
"New Canaan School District","=""0900011""","Other Disabilities","*","*"
"New Canaan School District","=""0900011""","Other Health Impairment",66,84.6
"New Canaan School District","=""0900011""","Speech Language Impairment",92,84.4
"New Fairfield School District","=""0910011""","All Disabilities",178,70.1
"New Fairfield School District","=""0910011""","Autism",11,"*"
"New Fairfield School District","=""0910011""","Emotional Disturbance",8,"*"
"New Fairfield School District","=""0910011""","Intellectual Disability","*","*"
"New Fairfield School District","=""0910011""","Learning Disability",60,69.8
"New Fairfield School District","=""0910011""","Other Disabilities","*","*"
"New Fairfield School District","=""0910011""","Other Health Impairment",52,78.8
"New Fairfield School District","=""0910011""","Speech Language Impairment",41,80.4
"New Hartford School District","=""0920011""","All Disabilities",44,83.0
"New Hartford School District","=""0920011""","Emotional Disturbance","*","*"
"New Hartford School District","=""0920011""","Intellectual Disability",0,0
"New Hartford School District","=""0920011""","Learning Disability",14,"*"
"New Hartford School District","=""0920011""","Other Disabilities","*","*"
"New Hartford School District","=""0920011""","Other Health Impairment",10,"*"
"New Hartford School District","=""0920011""","Speech Language Impairment",17,"*"
"New Haven School District","=""0930011""","All Disabilities",1666,74.8
"New Haven School District","=""0930011""","Autism",91,47.4
"New Haven School District","=""0930011""","Emotional Disturbance",117,53.9
"New Haven School District","=""0930011""","Intellectual Disability",81,56.6
"New Haven School District","=""0930011""","Learning Disability",748,86.9
"New Haven School District","=""0930011""","Other Disabilities",38,29.9
"New Haven School District","=""0930011""","Other Health Impairment",393,84.3
"New Haven School District","=""0930011""","Speech Language Impairment",198,89.6
"New London School District","=""0950011""","All Disabilities",386,65.8
"New London School District","=""0950011""","Autism",28,50.0
"New London School District","=""0950011""","Emotional Disturbance",38,43.2
"New London School District","=""0950011""","Intellectual Disability",7,25.9
"New London School District","=""0950011""","Learning Disability",141,83.4
"New London School District","=""0950011""","Other Disabilities",7,28.0
"New London School District","=""0950011""","Other Health Impairment",97,68.3
"New London School District","=""0950011""","Speech Language Impairment",68,85.0
"New Milford School District","=""0960011""","All Disabilities",366,64.1
"New Milford School District","=""0960011""","Autism",43,54.4
"New Milford School District","=""0960011""","Emotional Disturbance",27,42.2
"New Milford School District","=""0960011""","Intellectual Disability",8,"*"
"New Milford School District","=""0960011""","Learning Disability",119,77.3
"New Milford School District","=""0960011""","Other Disabilities",14,33.3
"New Milford School District","=""0960011""","Other Health Impairment",107,74.3
"New Milford School District","=""0960011""","Speech Language Impairment",48,67.6
"Newington School District","=""0940011""","All Disabilities",370,73.1
"Newington School District","=""0940011""","Autism",37,62.7
"Newington School District","=""0940011""","Emotional Disturbance",16,50.0
"Newington School District","=""0940011""","Intellectual Disability",7,"*"
"Newington School District","=""0940011""","Learning Disability",173,82.0
"Newington School District","=""0940011""","Other Disabilities",18,41.9
"Newington School District","=""0940011""","Other Health Impairment",51,71.8
"Newington School District","=""0940011""","Speech Language Impairment",68,95.8
"Newtown School District","=""0970011""","All Disabilities",305,82.9
"Newtown School District","=""0970011""","Autism",46,61.3
"Newtown School District","=""0970011""","Emotional Disturbance",15,"*"
"Newtown School District","=""0970011""","Intellectual Disability",10,"*"
"Newtown School District","=""0970011""","Learning Disability",96,95.0
"Newtown School District","=""0970011""","Other Disabilities",12,57.1
"Newtown School District","=""0970011""","Other Health Impairment",59,90.8
"Newtown School District","=""0970011""","Speech Language Impairment",67,91.8
"Norfolk School District","=""0980011""","All Disabilities",10,"*"
"Norfolk School District","=""0980011""","Autism","*","*"
"Norfolk School District","=""0980011""","Learning Disability","*","*"
"Norfolk School District","=""0980011""","Other Health Impairment",0,"*"
"Norfolk School District","=""0980011""","Speech Language Impairment",6,"*"
"North Branford School District","=""0990011""","All Disabilities",229,84.2
"North Branford School District","=""0990011""","Autism",16,72.7
"North Branford School District","=""0990011""","Emotional Disturbance",11,"*"
"North Branford School District","=""0990011""","Intellectual Disability","*","*"
"North Branford School District","=""0990011""","Learning Disability",85,95.5
"North Branford School District","=""0990011""","Other Disabilities","*","*"
"North Branford School District","=""0990011""","Other Health Impairment",50,96.2
"North Branford School District","=""0990011""","Speech Language Impairment",58,87.9
"North Canaan School District","=""1000011""","All Disabilities",25,67.6
"North Canaan School District","=""1000011""","Autism","*","*"
"North Canaan School District","=""1000011""","Emotional Disturbance","*","*"
"North Canaan School District","=""1000011""","Intellectual Disability",0,0
"North Canaan School District","=""1000011""","Learning Disability",8,"*"
"North Canaan School District","=""1000011""","Other Health Impairment","*","*"
"North Canaan School District","=""1000011""","Speech Language Impairment",8,"*"
"North Haven School District","=""1010011""","All Disabilities",240,70.8
"North Haven School District","=""1010011""","Autism",26,54.2
"North Haven School District","=""1010011""","Emotional Disturbance",22,51.2
"North Haven School District","=""1010011""","Intellectual Disability","*","*"
"North Haven School District","=""1010011""","Learning Disability",96,88.1
"North Haven School District","=""1010011""","Other Disabilities","*","*"
"North Haven School District","=""1010011""","Other Health Impairment",55,80.9
"North Haven School District","=""1010011""","Speech Language Impairment",35,89.7
"North Stonington School District","=""1020011""","All Disabilities",53,91.4
"North Stonington School District","=""1020011""","Autism","*","*"
"North Stonington School District","=""1020011""","Emotional Disturbance","*","*"
"North Stonington School District","=""1020011""","Intellectual Disability","*","*"
"North Stonington School District","=""1020011""","Learning Disability",23,95.8
"North Stonington School District","=""1020011""","Other Disabilities",0,0
"North Stonington School District","=""1020011""","Other Health Impairment",13,"*"
"North Stonington School District","=""1020011""","Speech Language Impairment",10,"*"
"Norwalk School District","=""1030011""","All Disabilities",881,79.4
"Norwalk School District","=""1030011""","Autism",61,53.0
"Norwalk School District","=""1030011""","Emotional Disturbance",18,42.9
"Norwalk School District","=""1030011""","Intellectual Disability",13,44.8
"Norwalk School District","=""1030011""","Learning Disability",396,92.1
"Norwalk School District","=""1030011""","Other Disabilities",37,56.1
"Norwalk School District","=""1030011""","Other Health Impairment",173,73.9
"Norwalk School District","=""1030011""","Speech Language Impairment",183,94.3
"Norwich School District","=""1040011""","All Disabilities",444,53.8
"Norwich School District","=""1040011""","Autism",22,33.8
"Norwich School District","=""1040011""","Emotional Disturbance",34,27.6
"Norwich School District","=""1040011""","Intellectual Disability",18,42.9
"Norwich School District","=""1040011""","Learning Disability",151,64.0
"Norwich School District","=""1040011""","Other Disabilities",17,26.6
"Norwich School District","=""1040011""","Other Health Impairment",107,59.4
"Norwich School District","=""1040011""","Speech Language Impairment",95,81.9
"Old Saybrook School District","=""1060011""","All Disabilities",154,79.0
"Old Saybrook School District","=""1060011""","Autism",18,69.2
"Old Saybrook School District","=""1060011""","Emotional Disturbance",6,"*"
"Old Saybrook School District","=""1060011""","Intellectual Disability","*","*"
"Old Saybrook School District","=""1060011""","Learning Disability",42,91.3
"Old Saybrook School District","=""1060011""","Other Disabilities","*","*"
"Old Saybrook School District","=""1060011""","Other Health Impairment",51,78.5
"Old Saybrook School District","=""1060011""","Speech Language Impairment",32,97.0
"Orange School District","=""1070011""","All Disabilities",72,66.7
"Orange School District","=""1070011""","Autism","*","*"
"Orange School District","=""1070011""","Intellectual Disability",0,0
"Orange School District","=""1070011""","Learning Disability",32,78.0
"Orange School District","=""1070011""","Other Disabilities","*","*"
"Orange School District","=""1070011""","Other Health Impairment",12,"*"
"Orange School District","=""1070011""","Speech Language Impairment",22,66.7
"Oxford School District","=""1080011""","All Disabilities",97,67.8
"Oxford School District","=""1080011""","Autism",12,48.0
"Oxford School District","=""1080011""","Emotional Disturbance","*","*"
"Oxford School District","=""1080011""","Intellectual Disability","*","*"
"Oxford School District","=""1080011""","Learning Disability",46,83.6
"Oxford School District","=""1080011""","Other Disabilities","*","*"
"Oxford School District","=""1080011""","Other Health Impairment",20,69.0
"Oxford School District","=""1080011""","Speech Language Impairment",14,"*"
"Plainfield School District","=""1090011""","All Disabilities",192,69.1
"Plainfield School District","=""1090011""","Autism",20,54.1
"Plainfield School District","=""1090011""","Emotional Disturbance",16,38.1
"Plainfield School District","=""1090011""","Intellectual Disability",8,"*"
"Plainfield School District","=""1090011""","Learning Disability",69,92.0
"Plainfield School District","=""1090011""","Other Disabilities",10,41.7
"Plainfield School District","=""1090011""","Other Health Impairment",47,87.0
"Plainfield School District","=""1090011""","Speech Language Impairment",22,71.0
"Plainville School District","=""1100011""","All Disabilities",213,73.7
"Plainville School District","=""1100011""","Autism",19,61.3
"Plainville School District","=""1100011""","Emotional Disturbance",16,57.1
"Plainville School District","=""1100011""","Intellectual Disability","*","*"
"Plainville School District","=""1100011""","Learning Disability",73,91.3
"Plainville School District","=""1100011""","Other Disabilities","*","*"
"Plainville School District","=""1100011""","Other Health Impairment",64,78.0
"Plainville School District","=""1100011""","Speech Language Impairment",33,94.3
"Plymouth School District","=""1110011""","All Disabilities",178,76.4
"Plymouth School District","=""1110011""","Autism",11,45.8
"Plymouth School District","=""1110011""","Emotional Disturbance",13,44.8
"Plymouth School District","=""1110011""","Intellectual Disability","*","*"
"Plymouth School District","=""1110011""","Learning Disability",68,91.9
"Plymouth School District","=""1110011""","Other Disabilities","*","*"
"Plymouth School District","=""1110011""","Other Health Impairment",55,88.7
"Plymouth School District","=""1110011""","Speech Language Impairment",26,100.0
"Pomfret School District","=""1120011""","All Disabilities",48,73.8
"Pomfret School District","=""1120011""","Autism",8,"*"
"Pomfret School District","=""1120011""","Emotional Disturbance",0,0
"Pomfret School District","=""1120011""","Intellectual Disability","*","*"
"Pomfret School District","=""1120011""","Learning Disability",19,76.0
"Pomfret School District","=""1120011""","Other Disabilities","*","*"
"Pomfret School District","=""1120011""","Other Health Impairment",9,"*"
"Pomfret School District","=""1120011""","Speech Language Impairment",8,"*"
"Portland School District","=""1130011""","All Disabilities",87,73.7
"Portland School District","=""1130011""","Autism",7,"*"
"Portland School District","=""1130011""","Emotional Disturbance","*","*"
"Portland School District","=""1130011""","Intellectual Disability",0,0
"Portland School District","=""1130011""","Learning Disability",41,89.1
"Portland School District","=""1130011""","Other Disabilities","*","*"
"Portland School District","=""1130011""","Other Health Impairment",22,75.9
"Portland School District","=""1130011""","Speech Language Impairment",12,"*"
"Preston School District","=""1140011""","All Disabilities",51,65.4
"Preston School District","=""1140011""","Autism",8,"*"
"Preston School District","=""1140011""","Emotional Disturbance","*","*"
"Preston School District","=""1140011""","Intellectual Disability","*","*"
"Preston School District","=""1140011""","Learning Disability",9,"*"
"Preston School District","=""1140011""","Other Disabilities","*","*"
"Preston School District","=""1140011""","Other Health Impairment",13,"*"
"Preston School District","=""1140011""","Speech Language Impairment",17,73.9
"Putnam School District","=""1160011""","All Disabilities",109,68.1
"Putnam School District","=""1160011""","Autism",14,50.0
"Putnam School District","=""1160011""","Emotional Disturbance","*","*"
"Putnam School District","=""1160011""","Intellectual Disability","*","*"
"Putnam School District","=""1160011""","Learning Disability",61,96.8
"Putnam School District","=""1160011""","Other Disabilities","*","*"
"Putnam School District","=""1160011""","Other Health Impairment",9,"*"
"Putnam School District","=""1160011""","Speech Language Impairment",16,"*"
"Redding School District","=""1170011""","All Disabilities",111,89.5
"Redding School District","=""1170011""","Autism",8,"*"
"Redding School District","=""1170011""","Emotional Disturbance","*","*"
"Redding School District","=""1170011""","Learning Disability",31,100.0
"Redding School District","=""1170011""","Other Disabilities","*","*"
"Redding School District","=""1170011""","Other Health Impairment",30,93.8
"Redding School District","=""1170011""","Speech Language Impairment",34,91.9
"Regional School District 01","=""2010012""","All Disabilities",34,58.6
"Regional School District 01","=""2010012""","Autism","*","*"
"Regional School District 01","=""2010012""","Emotional Disturbance",0,0
"Regional School District 01","=""2010012""","Intellectual Disability",0,0
"Regional School District 01","=""2010012""","Learning Disability",24,80.0
"Regional School District 01","=""2010012""","Other Disabilities","*","*"
"Regional School District 01","=""2010012""","Other Health Impairment","*","*"
"Regional School District 04","=""2040012""","All Disabilities",118,84.9
"Regional School District 04","=""2040012""","Autism",16,66.7
"Regional School District 04","=""2040012""","Emotional Disturbance","*","*"
"Regional School District 04","=""2040012""","Intellectual Disability","*","*"
"Regional School District 04","=""2040012""","Learning Disability",56,94.9
"Regional School District 04","=""2040012""","Other Disabilities","*","*"
"Regional School District 04","=""2040012""","Other Health Impairment",25,83.3
"Regional School District 04","=""2040012""","Speech Language Impairment",11,"*"
"Regional School District 05","=""2050012""","All Disabilities",219,78.8
"Regional School District 05","=""2050012""","Autism",19,50.0
"Regional School District 05","=""2050012""","Emotional Disturbance",7,"*"
"Regional School District 05","=""2050012""","Intellectual Disability","*","*"
"Regional School District 05","=""2050012""","Learning Disability",89,89.9
"Regional School District 05","=""2050012""","Other Disabilities","*","*"
"Regional School District 05","=""2050012""","Other Health Impairment",60,92.3
"Regional School District 05","=""2050012""","Speech Language Impairment",36,87.8
"Regional School District 06","=""2060012""","All Disabilities",74,69.2
"Regional School District 06","=""2060012""","Autism","*","*"
"Regional School District 06","=""2060012""","Emotional Disturbance","*","*"
"Regional School District 06","=""2060012""","Intellectual Disability","*","*"
"Regional School District 06","=""2060012""","Learning Disability",41,85.4
"Regional School District 06","=""2060012""","Other Disabilities","*","*"
"Regional School District 06","=""2060012""","Other Health Impairment",14,60.9
"Regional School District 06","=""2060012""","Speech Language Impairment",8,"*"
"Regional School District 07","=""2070012""","All Disabilities",71,62.8
"Regional School District 07","=""2070012""","Autism",14,"*"
"Regional School District 07","=""2070012""","Emotional Disturbance",6,"*"
"Regional School District 07","=""2070012""","Intellectual Disability","*","*"
"Regional School District 07","=""2070012""","Learning Disability",29,70.7
"Regional School District 07","=""2070012""","Other Disabilities","*","*"
"Regional School District 07","=""2070012""","Other Health Impairment",10,"*"
"Regional School District 07","=""2070012""","Speech Language Impairment","*","*"
"Regional School District 08","=""2080012""","All Disabilities",152,67.0
"Regional School District 08","=""2080012""","Autism",11,"*"
"Regional School District 08","=""2080012""","Emotional Disturbance",9,40.9
"Regional School District 08","=""2080012""","Intellectual Disability",0,0
"Regional School District 08","=""2080012""","Learning Disability",70,85.4
"Regional School District 08","=""2080012""","Other Disabilities","*","*"
"Regional School District 08","=""2080012""","Other Health Impairment",53,70.7
"Regional School District 08","=""2080012""","Speech Language Impairment","*","*"
"Regional School District 09","=""2090012""","All Disabilities",81,65.9
"Regional School District 09","=""2090012""","Autism","*","*"
"Regional School District 09","=""2090012""","Emotional Disturbance","*","*"
"Regional School District 09","=""2090012""","Intellectual Disability","*","*"
"Regional School District 09","=""2090012""","Learning Disability",33,94.3
"Regional School District 09","=""2090012""","Other Disabilities",0,0
"Regional School District 09","=""2090012""","Other Health Impairment",30,71.4
"Regional School District 09","=""2090012""","Speech Language Impairment",9,"*"
"Regional School District 10","=""2100012""","All Disabilities",186,75.6
"Regional School District 10","=""2100012""","Autism",24,66.7
"Regional School District 10","=""2100012""","Emotional Disturbance",7,"*"
"Regional School District 10","=""2100012""","Intellectual Disability","*","*"
"Regional School District 10","=""2100012""","Learning Disability",75,83.3
"Regional School District 10","=""2100012""","Other Disabilities","*","*"
"Regional School District 10","=""2100012""","Other Health Impairment",45,88.2
"Regional School District 10","=""2100012""","Speech Language Impairment",28,93.3
"Regional School District 11","=""2110012""","All Disabilities",39,56.5
"Regional School District 11","=""2110012""","Autism","*","*"
"Regional School District 11","=""2110012""","Emotional Disturbance",7,"*"
"Regional School District 11","=""2110012""","Intellectual Disability",0,0
"Regional School District 11","=""2110012""","Learning Disability",16,61.5
"Regional School District 11","=""2110012""","Other Disabilities","*","*"
"Regional School District 11","=""2110012""","Other Health Impairment",7,"*"
"Regional School District 11","=""2110012""","Speech Language Impairment","*","*"
"Regional School District 12","=""2120012""","All Disabilities",84,67.7
"Regional School District 12","=""2120012""","Autism",8,"*"
"Regional School District 12","=""2120012""","Emotional Disturbance","*","*"
"Regional School District 12","=""2120012""","Intellectual Disability","*","*"
"Regional School District 12","=""2120012""","Learning Disability",42,84.0
"Regional School District 12","=""2120012""","Other Disabilities","*","*"
"Regional School District 12","=""2120012""","Other Health Impairment",21,72.4
"Regional School District 12","=""2120012""","Speech Language Impairment",8,"*"
"Regional School District 13","=""2130012""","All Disabilities",225,84.3
"Regional School District 13","=""2130012""","Autism",21,61.8
"Regional School District 13","=""2130012""","Emotional Disturbance",10,"*"
"Regional School District 13","=""2130012""","Intellectual Disability","*","*"
"Regional School District 13","=""2130012""","Learning Disability",88,91.7
"Regional School District 13","=""2130012""","Other Disabilities","*","*"
"Regional School District 13","=""2130012""","Other Health Impairment",52,92.9
"Regional School District 13","=""2130012""","Speech Language Impairment",48,88.9
"Regional School District 14","=""2140012""","All Disabilities",142,74.0
"Regional School District 14","=""2140012""","Autism",11,36.7
"Regional School District 14","=""2140012""","Emotional Disturbance","*","*"
"Regional School District 14","=""2140012""","Intellectual Disability","*","*"
"Regional School District 14","=""2140012""","Learning Disability",61,93.8
"Regional School District 14","=""2140012""","Other Disabilities","*","*"
"Regional School District 14","=""2140012""","Other Health Impairment",34,81.0
"Regional School District 14","=""2140012""","Speech Language Impairment",31,93.9
"Regional School District 15","=""2150012""","All Disabilities",360,75.2
"Regional School District 15","=""2150012""","Autism",33,51.6
"Regional School District 15","=""2150012""","Emotional Disturbance",9,"*"
"Regional School District 15","=""2150012""","Intellectual Disability","*","*"
"Regional School District 15","=""2150012""","Learning Disability",165,83.3
"Regional School District 15","=""2150012""","Other Disabilities","*","*"
"Regional School District 15","=""2150012""","Other Health Impairment",70,79.5
"Regional School District 15","=""2150012""","Speech Language Impairment",74,90.2
"Regional School District 16","=""2160012""","All Disabilities",161,65.2
"Regional School District 16","=""2160012""","Autism",24,54.5
"Regional School District 16","=""2160012""","Emotional Disturbance",7,"*"
"Regional School District 16","=""2160012""","Intellectual Disability","*","*"
"Regional School District 16","=""2160012""","Learning Disability",42,63.6
"Regional School District 16","=""2160012""","Other Disabilities","*","*"
"Regional School District 16","=""2160012""","Other Health Impairment",42,76.4
"Regional School District 16","=""2160012""","Speech Language Impairment",40,93.0
"Regional School District 17","=""2170012""","All Disabilities",246,82.3
"Regional School District 17","=""2170012""","Autism",27,79.4
"Regional School District 17","=""2170012""","Emotional Disturbance",21,75.0
"Regional School District 17","=""2170012""","Intellectual Disability",0,0
"Regional School District 17","=""2170012""","Learning Disability",109,90.1
"Regional School District 17","=""2170012""","Other Disabilities",7,"*"
"Regional School District 17","=""2170012""","Other Health Impairment",58,87.9
"Regional School District 17","=""2170012""","Speech Language Impairment",24,85.7
"Regional School District 18","=""2180012""","All Disabilities",114,74.0
"Regional School District 18","=""2180012""","Autism",8,"*"
"Regional School District 18","=""2180012""","Emotional Disturbance",6,"*"
"Regional School District 18","=""2180012""","Intellectual Disability","*","*"
"Regional School District 18","=""2180012""","Learning Disability",46,83.6
"Regional School District 18","=""2180012""","Other Disabilities","*","*"
"Regional School District 18","=""2180012""","Other Health Impairment",19,79.2
"Regional School District 18","=""2180012""","Speech Language Impairment",30,93.8
"Regional School District 19","=""2190012""","All Disabilities",111,63.8
"Regional School District 19","=""2190012""","Autism",7,"*"
"Regional School District 19","=""2190012""","Emotional Disturbance",15,71.4
"Regional School District 19","=""2190012""","Intellectual Disability",0,0
"Regional School District 19","=""2190012""","Learning Disability",41,73.2
"Regional School District 19","=""2190012""","Other Disabilities","*","*"
"Regional School District 19","=""2190012""","Other Health Impairment",42,76.4
"Regional School District 19","=""2190012""","Speech Language Impairment","*","*"
"Ridgefield School District","=""1180011""","All Disabilities",348,81.7
"Ridgefield School District","=""1180011""","Autism",42,61.8
"Ridgefield School District","=""1180011""","Emotional Disturbance","*","*"
"Ridgefield School District","=""1180011""","Intellectual Disability",0,0
"Ridgefield School District","=""1180011""","Learning Disability",169,94.9
"Ridgefield School District","=""1180011""","Other Disabilities","*","*"
"Ridgefield School District","=""1180011""","Other Health Impairment",47,83.9
"Ridgefield School District","=""1180011""","Speech Language Impairment",59,98.3
"Rocky Hill School District","=""1190011""","All Disabilities",146,71.9
"Rocky Hill School District","=""1190011""","Autism",19,55.9
"Rocky Hill School District","=""1190011""","Emotional Disturbance","*","*"
"Rocky Hill School District","=""1190011""","Intellectual Disability","*","*"
"Rocky Hill School District","=""1190011""","Learning Disability",57,83.8
"Rocky Hill School District","=""1190011""","Other Disabilities","*","*"
"Rocky Hill School District","=""1190011""","Other Health Impairment",26,76.5
"Rocky Hill School District","=""1190011""","Speech Language Impairment",31,86.1
"Salem School District","=""1210011""","All Disabilities",40,65.6
"Salem School District","=""1210011""","Autism","*","*"
"Salem School District","=""1210011""","Emotional Disturbance","*","*"
"Salem School District","=""1210011""","Intellectual Disability","*","*"
"Salem School District","=""1210011""","Learning Disability",15,75.0
"Salem School District","=""1210011""","Other Disabilities",0,0
"Salem School District","=""1210011""","Other Health Impairment",12,"*"
"Salem School District","=""1210011""","Speech Language Impairment","*","*"
"Salisbury School District","=""1220011""","All Disabilities",23,76.7
"Salisbury School District","=""1220011""","Autism","*","*"
"Salisbury School District","=""1220011""","Emotional Disturbance",0,0
"Salisbury School District","=""1220011""","Learning Disability",12,"*"
"Salisbury School District","=""1220011""","Other Disabilities","*","*"
"Salisbury School District","=""1220011""","Other Health Impairment","*","*"
"Salisbury School District","=""1220011""","Speech Language Impairment","*","*"
"Scotland School District","=""1230011""","All Disabilities",19,95.0
"Scotland School District","=""1230011""","Learning Disability","*","*"
"Scotland School District","=""1230011""","Other Disabilities","*","*"
"Scotland School District","=""1230011""","Other Health Impairment","*","*"
"Scotland School District","=""1230011""","Speech Language Impairment",12,"*"
"Seymour School District","=""1240011""","All Disabilities",204,91.1
"Seymour School District","=""1240011""","Autism",25,73.5
"Seymour School District","=""1240011""","Emotional Disturbance",9,"*"
"Seymour School District","=""1240011""","Intellectual Disability","*","*"
"Seymour School District","=""1240011""","Learning Disability",104,99.0
"Seymour School District","=""1240011""","Other Disabilities","*","*"
"Seymour School District","=""1240011""","Other Health Impairment",30,96.8
"Seymour School District","=""1240011""","Speech Language Impairment",25,100.0
"Sharon School District","=""1250011""","All Disabilities",13,52.0
"Sharon School District","=""1250011""","Autism","*","*"
"Sharon School District","=""1250011""","Emotional Disturbance","*","*"
"Sharon School District","=""1250011""","Learning Disability",9,"*"
"Sharon School District","=""1250011""","Other Disabilities","*","*"
"Sharon School District","=""1250011""","Other Health Impairment","*","*"
"Sharon School District","=""1250011""","Speech Language Impairment",0,0
"Shelton School District","=""1260011""","All Disabilities",317,58.8
"Shelton School District","=""1260011""","Autism",21,34.4
"Shelton School District","=""1260011""","Emotional Disturbance",12,36.4
"Shelton School District","=""1260011""","Intellectual Disability","*","*"
"Shelton School District","=""1260011""","Learning Disability",156,70.6
"Shelton School District","=""1260011""","Other Disabilities","*","*"
"Shelton School District","=""1260011""","Other Health Impairment",70,66.0
"Shelton School District","=""1260011""","Speech Language Impairment",53,60.9
"Sherman School District","=""1270011""","All Disabilities",46,69.7
"Sherman School District","=""1270011""","Autism","*","*"
"Sherman School District","=""1270011""","Emotional Disturbance","*","*"
"Sherman School District","=""1270011""","Intellectual Disability",0,0
"Sherman School District","=""1270011""","Learning Disability",16,69.6
"Sherman School District","=""1270011""","Other Disabilities","*","*"
"Sherman School District","=""1270011""","Other Health Impairment",9,"*"
"Sherman School District","=""1270011""","Speech Language Impairment",12,"*"
"Simsbury School District","=""1280011""","All Disabilities",389,74.7
"Simsbury School District","=""1280011""","Autism",60,63.8
"Simsbury School District","=""1280011""","Emotional Disturbance",12,57.1
"Simsbury School District","=""1280011""","Intellectual Disability",8,"*"
"Simsbury School District","=""1280011""","Learning Disability",151,81.6
"Simsbury School District","=""1280011""","Other Disabilities",6,"*"
"Simsbury School District","=""1280011""","Other Health Impairment",96,78.0
"Simsbury School District","=""1280011""","Speech Language Impairment",56,83.6
"Somers School District","=""1290011""","All Disabilities",120,75.5
"Somers School District","=""1290011""","Autism",9,"*"
"Somers School District","=""1290011""","Emotional Disturbance",6,"*"
"Somers School District","=""1290011""","Intellectual Disability","*","*"
"Somers School District","=""1290011""","Learning Disability",52,89.7
"Somers School District","=""1290011""","Other Disabilities","*","*"
"Somers School District","=""1290011""","Other Health Impairment",18,90.0
"Somers School District","=""1290011""","Speech Language Impairment",29,87.9
"South Windsor School District","=""1320011""","All Disabilities",403,77.9
"South Windsor School District","=""1320011""","Autism",42,60.9
"South Windsor School District","=""1320011""","Emotional Disturbance","*","*"
"South Windsor School District","=""1320011""","Intellectual Disability","*","*"
"South Windsor School District","=""1320011""","Learning Disability",124,91.9
"South Windsor School District","=""1320011""","Other Disabilities",14,37.8
"South Windsor School District","=""1320011""","Other Health Impairment",152,83.5
"South Windsor School District","=""1320011""","Speech Language Impairment",60,92.3
"Southington School District","=""1310011""","All Disabilities",503,68.0
"Southington School District","=""1310011""","Autism",42,50.0
"Southington School District","=""1310011""","Emotional Disturbance",33,51.6
"Southington School District","=""1310011""","Intellectual Disability","*","*"
"Southington School District","=""1310011""","Learning Disability",189,78.4
"Southington School District","=""1310011""","Other Disabilities","*","*"
"Southington School District","=""1310011""","Other Health Impairment",123,77.4
"Southington School District","=""1310011""","Speech Language Impairment",100,82.6
"Sprague School District","=""1330011""","All Disabilities",19,51.4
"Sprague School District","=""1330011""","Autism","*","*"
"Sprague School District","=""1330011""","Emotional Disturbance","*","*"
"Sprague School District","=""1330011""","Intellectual Disability","*","*"
"Sprague School District","=""1330011""","Learning Disability","*","*"
"Sprague School District","=""1330011""","Other Disabilities",0,0
"Sprague School District","=""1330011""","Other Health Impairment",6,"*"
"Sprague School District","=""1330011""","Speech Language Impairment","*","*"
"Stafford School District","=""1340011""","All Disabilities",101,60.5
"Stafford School District","=""1340011""","Autism",17,77.3
"Stafford School District","=""1340011""","Emotional Disturbance",12,50.0
"Stafford School District","=""1340011""","Intellectual Disability","*","*"
"Stafford School District","=""1340011""","Learning Disability",35,61.4
"Stafford School District","=""1340011""","Other Disabilities","*","*"
"Stafford School District","=""1340011""","Other Health Impairment",19,63.3
"Stafford School District","=""1340011""","Speech Language Impairment",13,"*"
"Stamford School District","=""1350011""","All Disabilities",914,62.2
"Stamford School District","=""1350011""","Autism",39,33.9
"Stamford School District","=""1350011""","Emotional Disturbance",13,34.2
"Stamford School District","=""1350011""","Intellectual Disability",13,23.2
"Stamford School District","=""1350011""","Learning Disability",459,74.4
"Stamford School District","=""1350011""","Other Disabilities",48,35.3
"Stamford School District","=""1350011""","Other Health Impairment",171,65.8
"Stamford School District","=""1350011""","Speech Language Impairment",171,69.2
"Sterling School District","=""1360011""","All Disabilities",47,53.4
"Sterling School District","=""1360011""","Autism","*","*"
"Sterling School District","=""1360011""","Emotional Disturbance","*","*"
"Sterling School District","=""1360011""","Intellectual Disability","*","*"
"Sterling School District","=""1360011""","Learning Disability",16,55.2
"Sterling School District","=""1360011""","Other Disabilities","*","*"
"Sterling School District","=""1360011""","Other Health Impairment",11,"*"
"Sterling School District","=""1360011""","Speech Language Impairment",10,"*"
"Stonington School District","=""1370011""","All Disabilities",246,83.7
"Stonington School District","=""1370011""","Autism",32,69.6
"Stonington School District","=""1370011""","Emotional Disturbance",16,64.0
"Stonington School District","=""1370011""","Intellectual Disability","*","*"
"Stonington School District","=""1370011""","Learning Disability",108,93.9
"Stonington School District","=""1370011""","Other Disabilities","*","*"
"Stonington School District","=""1370011""","Other Health Impairment",48,90.6
"Stonington School District","=""1370011""","Speech Language Impairment",35,100.0
"Stratford School District","=""1380011""","All Disabilities",502,73.5
"Stratford School District","=""1380011""","Autism",52,51.0
"Stratford School District","=""1380011""","Emotional Disturbance",14,33.3
"Stratford School District","=""1380011""","Intellectual Disability",29,76.3
"Stratford School District","=""1380011""","Learning Disability",197,94.7
"Stratford School District","=""1380011""","Other Disabilities",22,39.3
"Stratford School District","=""1380011""","Other Health Impairment",143,75.7
"Stratford School District","=""1380011""","Speech Language Impairment",45,93.8
"Suffield School District","=""1390011""","All Disabilities",200,85.5
"Suffield School District","=""1390011""","Autism",24,64.9
"Suffield School District","=""1390011""","Emotional Disturbance","*","*"
"Suffield School District","=""1390011""","Intellectual Disability",7,"*"
"Suffield School District","=""1390011""","Learning Disability",91,92.9
"Suffield School District","=""1390011""","Other Disabilities","*","*"
"Suffield School District","=""1390011""","Other Health Impairment",40,90.9
"Suffield School District","=""1390011""","Speech Language Impairment",30,85.7
"Thomaston School District","=""1400011""","All Disabilities",114,85.1
"Thomaston School District","=""1400011""","Autism","*","*"
"Thomaston School District","=""1400011""","Emotional Disturbance","*","*"
"Thomaston School District","=""1400011""","Intellectual Disability","*","*"
"Thomaston School District","=""1400011""","Learning Disability",43,91.5
"Thomaston School District","=""1400011""","Other Disabilities",9,"*"
"Thomaston School District","=""1400011""","Other Health Impairment",26,86.7
"Thomaston School District","=""1400011""","Speech Language Impairment",25,100.0
"Thompson School District","=""1410011""","All Disabilities",75,60.5
"Thompson School District","=""1410011""","Autism","*","*"
"Thompson School District","=""1410011""","Emotional Disturbance","*","*"
"Thompson School District","=""1410011""","Intellectual Disability",0,0
"Thompson School District","=""1410011""","Learning Disability",20,55.6
"Thompson School District","=""1410011""","Other Disabilities",0,0
"Thompson School District","=""1410011""","Other Health Impairment",18,62.1
"Thompson School District","=""1410011""","Speech Language Impairment",31,88.6
"Tolland School District","=""1420011""","All Disabilities",180,60.2
"Tolland School District","=""1420011""","Autism",23,50.0
"Tolland School District","=""1420011""","Emotional Disturbance",12,60.0
"Tolland School District","=""1420011""","Intellectual Disability","*","*"
"Tolland School District","=""1420011""","Learning Disability",77,62.6
"Tolland School District","=""1420011""","Other Disabilities","*","*"
"Tolland School District","=""1420011""","Other Health Impairment",49,80.3
"Tolland School District","=""1420011""","Speech Language Impairment",11,55.0
"Torrington School District","=""1430011""","All Disabilities",395,56.9
"Torrington School District","=""1430011""","Autism",25,37.9
"Torrington School District","=""1430011""","Emotional Disturbance","*","*"
"Torrington School District","=""1430011""","Intellectual Disability","*","*"
"Torrington School District","=""1430011""","Learning Disability",203,72.2
"Torrington School District","=""1430011""","Other Disabilities",18,29.5
"Torrington School District","=""1430011""","Other Health Impairment",73,55.3
"Torrington School District","=""1430011""","Speech Language Impairment",54,71.1
"Trumbull School District","=""1440011""","All Disabilities",367,63.7
"Trumbull School District","=""1440011""","Autism",46,49.5
"Trumbull School District","=""1440011""","Emotional Disturbance",21,55.3
"Trumbull School District","=""1440011""","Intellectual Disability",7,25.9
"Trumbull School District","=""1440011""","Learning Disability",129,71.3
"Trumbull School District","=""1440011""","Other Disabilities",13,36.1
"Trumbull School District","=""1440011""","Other Health Impairment",107,72.3
"Trumbull School District","=""1440011""","Speech Language Impairment",44,83.0
"Unified School District #1","=""3360015""","All Disabilities",179,73.4
"Unified School District #1","=""3360015""","Emotional Disturbance",65,65.7
"Unified School District #1","=""3360015""","Intellectual Disability","*","*"
"Unified School District #1","=""3360015""","Learning Disability",66,82.5
"Unified School District #1","=""3360015""","Other Disabilities","*","*"
"Unified School District #1","=""3360015""","Other Health Impairment",35,79.5
"Unified School District #1","=""3360015""","Speech Language Impairment","*","*"
"Unified School District #2","=""3470015""","All Disabilities",0,0
"Unified School District #2","=""3470015""","Autism",0,0
"Unified School District #2","=""3470015""","Emotional Disturbance",0,0
"Unified School District #2","=""3470015""","Intellectual Disability",0,0
"Unified School District #2","=""3470015""","Learning Disability",0,0
"Unified School District #2","=""3470015""","Other Disabilities",0,0
"Unified School District #2","=""3470015""","Other Health Impairment",0,0
"Unified School District #2","=""3470015""","Speech Language Impairment",0,0
"Union School District","=""1450011""","All Disabilities",8,"*"
"Union School District","=""1450011""","Learning Disability","*","*"
"Union School District","=""1450011""","Other Health Impairment","*","*"
"Union School District","=""1450011""","Speech Language Impairment","*","*"
"Vernon School District","=""1460011""","All Disabilities",286,68.6
"Vernon School District","=""1460011""","Autism",20,44.4
"Vernon School District","=""1460011""","Emotional Disturbance",25,45.5
"Vernon School District","=""1460011""","Intellectual Disability",9,42.9
"Vernon School District","=""1460011""","Learning Disability",108,85.7
"Vernon School District","=""1460011""","Other Disabilities",13,46.4
"Vernon School District","=""1460011""","Other Health Impairment",42,63.6
"Vernon School District","=""1460011""","Speech Language Impairment",69,90.8
"Voluntown School District","=""1470011""","All Disabilities",31,77.5
"Voluntown School District","=""1470011""","Autism","*","*"
"Voluntown School District","=""1470011""","Emotional Disturbance",0,0
"Voluntown School District","=""1470011""","Intellectual Disability","*","*"
"Voluntown School District","=""1470011""","Learning Disability",12,"*"
"Voluntown School District","=""1470011""","Other Disabilities","*","*"
"Voluntown School District","=""1470011""","Other Health Impairment","*","*"
"Voluntown School District","=""1470011""","Speech Language Impairment",9,"*"
"Wallingford School District","=""1480011""","All Disabilities",603,83.1
"Wallingford School District","=""1480011""","Autism",54,62.8
"Wallingford School District","=""1480011""","Emotional Disturbance",18,37.5
"Wallingford School District","=""1480011""","Intellectual Disability",11,52.4
"Wallingford School District","=""1480011""","Learning Disability",221,96.5
"Wallingford School District","=""1480011""","Other Disabilities",16,47.1
"Wallingford School District","=""1480011""","Other Health Impairment",172,88.7
"Wallingford School District","=""1480011""","Speech Language Impairment",111,97.4
"Waterbury School District","=""1510011""","All Disabilities",1801,64.4
"Waterbury School District","=""1510011""","Autism",82,45.1
"Waterbury School District","=""1510011""","Emotional Disturbance",65,27.5
"Waterbury School District","=""1510011""","Intellectual Disability",44,40.7
"Waterbury School District","=""1510011""","Learning Disability",666,69.7
"Waterbury School District","=""1510011""","Other Disabilities",42,31.8
"Waterbury School District","=""1510011""","Other Health Impairment",438,70.5
"Waterbury School District","=""1510011""","Speech Language Impairment",464,82.3
"Waterford School District","=""1520011""","All Disabilities",284,84.3
"Waterford School District","=""1520011""","Autism",23,74.2
"Waterford School District","=""1520011""","Emotional Disturbance",13,43.3
"Waterford School District","=""1520011""","Intellectual Disability",12,"*"
"Waterford School District","=""1520011""","Learning Disability",93,97.9
"Waterford School District","=""1520011""","Other Disabilities",6,"*"
"Waterford School District","=""1520011""","Other Health Impairment",87,89.7
"Waterford School District","=""1520011""","Speech Language Impairment",50,96.2
"Watertown School District","=""1530011""","All Disabilities",254,78.4
"Watertown School District","=""1530011""","Autism",19,59.4
"Watertown School District","=""1530011""","Emotional Disturbance",14,66.7
"Watertown School District","=""1530011""","Intellectual Disability","*","*"
"Watertown School District","=""1530011""","Learning Disability",93,87.7
"Watertown School District","=""1530011""","Other Disabilities","*","*"
"Watertown School District","=""1530011""","Other Health Impairment",84,87.5
"Watertown School District","=""1530011""","Speech Language Impairment",36,90.0
"West Hartford School District","=""1550011""","All Disabilities",734,71.4
"West Hartford School District","=""1550011""","Autism",102,65.4
"West Hartford School District","=""1550011""","Emotional Disturbance",23,40.4
"West Hartford School District","=""1550011""","Intellectual Disability",10,37.0
"West Hartford School District","=""1550011""","Learning Disability",229,76.6
"West Hartford School District","=""1550011""","Other Disabilities",54,54.5
"West Hartford School District","=""1550011""","Other Health Impairment",190,82.6
"West Hartford School District","=""1550011""","Speech Language Impairment",126,78.8
"West Haven School District","=""1560011""","All Disabilities",571,70.6
"West Haven School District","=""1560011""","Autism",19,26.0
"West Haven School District","=""1560011""","Emotional Disturbance",19,33.3
"West Haven School District","=""1560011""","Intellectual Disability",11,52.4
"West Haven School District","=""1560011""","Learning Disability",238,90.5
"West Haven School District","=""1560011""","Other Disabilities",48,44.0
"West Haven School District","=""1560011""","Other Health Impairment",77,68.8
"West Haven School District","=""1560011""","Speech Language Impairment",159,91.4
"Westbrook School District","=""1540011""","All Disabilities",57,67.9
"Westbrook School District","=""1540011""","Autism",6,"*"
"Westbrook School District","=""1540011""","Emotional Disturbance","*","*"
"Westbrook School District","=""1540011""","Intellectual Disability","*","*"
"Westbrook School District","=""1540011""","Learning Disability",30,81.1
"Westbrook School District","=""1540011""","Other Disabilities","*","*"
"Westbrook School District","=""1540011""","Other Health Impairment",7,"*"
"Westbrook School District","=""1540011""","Speech Language Impairment","*","*"
"Weston School District","=""1570011""","All Disabilities",114,56.2
"Weston School District","=""1570011""","Autism","*","*"
"Weston School District","=""1570011""","Emotional Disturbance",0,0
"Weston School District","=""1570011""","Intellectual Disability",0,0
"Weston School District","=""1570011""","Learning Disability",43,62.3
"Weston School District","=""1570011""","Other Disabilities","*","*"
"Weston School District","=""1570011""","Other Health Impairment",32,64.0
"Weston School District","=""1570011""","Speech Language Impairment",28,80.0
"Westport School District","=""1580011""","All Disabilities",446,79.6
"Westport School District","=""1580011""","Autism",30,53.6
"Westport School District","=""1580011""","Emotional Disturbance",26,81.3
"Westport School District","=""1580011""","Intellectual Disability","*","*"
"Westport School District","=""1580011""","Learning Disability",226,89.3
"Westport School District","=""1580011""","Other Disabilities","*","*"
"Westport School District","=""1580011""","Other Health Impairment",82,82.0
"Westport School District","=""1580011""","Speech Language Impairment",71,82.6
"Wethersfield School District","=""1590011""","All Disabilities",333,77.8
"Wethersfield School District","=""1590011""","Autism",43,69.4
"Wethersfield School District","=""1590011""","Emotional Disturbance",8,27.6
"Wethersfield School District","=""1590011""","Intellectual Disability",12,"*"
"Wethersfield School District","=""1590011""","Learning Disability",100,83.3
"Wethersfield School District","=""1590011""","Other Disabilities",21,55.3
"Wethersfield School District","=""1590011""","Other Health Impairment",52,82.5
"Wethersfield School District","=""1590011""","Speech Language Impairment",97,96.0
"Willington School District","=""1600011""","All Disabilities",52,88.1
"Willington School District","=""1600011""","Autism","*","*"
"Willington School District","=""1600011""","Emotional Disturbance","*","*"
"Willington School District","=""1600011""","Intellectual Disability","*","*"
"Willington School District","=""1600011""","Learning Disability",18,"*"
"Willington School District","=""1600011""","Other Disabilities","*","*"
"Willington School District","=""1600011""","Other Health Impairment",11,"*"
"Willington School District","=""1600011""","Speech Language Impairment",14,"*"
"Wilton School District","=""1610011""","All Disabilities",306,63.5
"Wilton School District","=""1610011""","Autism",27,52.9
"Wilton School District","=""1610011""","Emotional Disturbance","*","*"
"Wilton School District","=""1610011""","Intellectual Disability",0,0
"Wilton School District","=""1610011""","Learning Disability",140,63.9
"Wilton School District","=""1610011""","Other Disabilities","*","*"
"Wilton School District","=""1610011""","Other Health Impairment",70,70.7
"Wilton School District","=""1610011""","Speech Language Impairment",47,75.8
"Winchester School District","=""1620011""","All Disabilities",130,54.4
"Winchester School District","=""1620011""","Autism",15,40.5
"Winchester School District","=""1620011""","Emotional Disturbance",14,50.0
"Winchester School District","=""1620011""","Intellectual Disability","*","*"
"Winchester School District","=""1620011""","Learning Disability",37,49.3
"Winchester School District","=""1620011""","Other Disabilities","*","*"
"Winchester School District","=""1620011""","Other Health Impairment",27,64.3
"Winchester School District","=""1620011""","Speech Language Impairment",28,77.8
"Windham School District","=""1630011""","All Disabilities",329,69.3
"Windham School District","=""1630011""","Autism",20,48.8
"Windham School District","=""1630011""","Emotional Disturbance",36,42.9
"Windham School District","=""1630011""","Intellectual Disability",26,83.9
"Windham School District","=""1630011""","Learning Disability",121,84.0
"Windham School District","=""1630011""","Other Disabilities",9,39.1
"Windham School District","=""1630011""","Other Health Impairment",60,75.0
"Windham School District","=""1630011""","Speech Language Impairment",57,79.2
"Windsor Locks School District","=""1650011""","All Disabilities",151,76.6
"Windsor Locks School District","=""1650011""","Autism",11,52.4
"Windsor Locks School District","=""1650011""","Emotional Disturbance","*","*"
"Windsor Locks School District","=""1650011""","Intellectual Disability",11,"*"
"Windsor Locks School District","=""1650011""","Learning Disability",85,91.4
"Windsor Locks School District","=""1650011""","Other Disabilities","*","*"
"Windsor Locks School District","=""1650011""","Other Health Impairment",33,84.6
"Windsor Locks School District","=""1650011""","Speech Language Impairment",7,"*"
"Windsor School District","=""1640011""","All Disabilities",435,78.0
"Windsor School District","=""1640011""","Autism",29,58.0
"Windsor School District","=""1640011""","Emotional Disturbance",19,46.3
"Windsor School District","=""1640011""","Intellectual Disability",10,"*"
"Windsor School District","=""1640011""","Learning Disability",179,91.8
"Windsor School District","=""1640011""","Other Disabilities",69,62.7
"Windsor School District","=""1640011""","Other Health Impairment",70,85.4
"Windsor School District","=""1640011""","Speech Language Impairment",59,93.7
"Wolcott School District","=""1660011""","All Disabilities",160,72.7
"Wolcott School District","=""1660011""","Autism",10,"*"
"Wolcott School District","=""1660011""","Emotional Disturbance","*","*"
"Wolcott School District","=""1660011""","Intellectual Disability","*","*"
"Wolcott School District","=""1660011""","Learning Disability",65,91.5
"Wolcott School District","=""1660011""","Other Disabilities","*","*"
"Wolcott School District","=""1660011""","Other Health Impairment",44,83.0
"Wolcott School District","=""1660011""","Speech Language Impairment",31,96.9
"Woodbridge School District","=""1670011""","All Disabilities",41,68.3
"Woodbridge School District","=""1670011""","Autism","*","*"
"Woodbridge School District","=""1670011""","Emotional Disturbance","*","*"
"Woodbridge School District","=""1670011""","Intellectual Disability",0,0
"Woodbridge School District","=""1670011""","Learning Disability",10,"*"
"Woodbridge School District","=""1670011""","Other Disabilities",0,0
"Woodbridge School District","=""1670011""","Other Health Impairment",12,"*"
"Woodbridge School District","=""1670011""","Speech Language Impairment",13,"*"
"Woodstock School District","=""1690011""","All Disabilities",34,40.5
"Woodstock School District","=""1690011""","Autism","*","*"
"Woodstock School District","=""1690011""","Emotional Disturbance",0,0
"Woodstock School District","=""1690011""","Intellectual Disability","*","*"
"Woodstock School District","=""1690011""","Learning Disability",17,36.2
"Woodstock School District","=""1690011""","Other Disabilities",0,0
"Woodstock School District","=""1690011""","Other Health Impairment","*","*"
"Woodstock School District","=""1690011""","Speech Language Impairment",11,"*"

