"Students with Disabilities Spending 79.1-100% of Time with Nondisabled Peers (Ages 6-21), 2011-12"
"State of Connecticut, Intellectual Disability"
"Notes:"
"Data included in this report represent students ages 6-21 only."
"At this time, the only data included in this report are for students spending 79.1-100% of Time with Nondisabled Peers. In the future this report will be updated to include all Time with Nondisabled Peer categories (i.e., 0-40% and 40.1-79%)."
"At the district-level, this report includes only students with disabilities for whom the district is fiscally responsible, regardless of where the student is educated. At the school-level, a student is included as long as they are attending the selected school, regardless of the district with fiscal responsibility."

"","2011-12",
"District","Count","Rate (%)"
"State of Connecticut",1095,45.6

