"Six-Year Graduation Rates, 2010-11"
"All Districts, All Schools, Free/Reduced Price Meal Eligibility"

"",,,,,,"Graduates",
"District","District Code","School","School Code","Free/Reduced Price Meal Eligibility","Six-Year Cohort Count","Graduation Count","Graduation Rate"
"Amistad Academy District","=""2790013""","Amistad Academy","=""2795113""","Eligible For Free Lunch","*","*","*"
"Amistad Academy District","=""2790013""","Amistad Academy","=""2795113""","Eligible For Reduced Lunch","*","*","*"
"Amistad Academy District","=""2790013""","Amistad Academy","=""2795113""","Not Eligible For Lunch",13,"*","*"
"Ansonia School District","=""0020011""","Ansonia High School","=""0026111""","Eligible For Free Lunch",86,"*","*"
"Ansonia School District","=""0020011""","Ansonia High School","=""0026111""","Eligible For Reduced Lunch",8,"*","*"
"Ansonia School District","=""0020011""","Ansonia High School","=""0026111""","Not Eligible For Lunch",88,79,89.8
"Avon School District","=""0040011""","Avon High School","=""0046111""","Eligible For Free Lunch","*","*","*"
"Avon School District","=""0040011""","Avon High School","=""0046111""","Eligible For Reduced Lunch","*","*","*"
"Avon School District","=""0040011""","Avon High School","=""0046111""","Not Eligible For Lunch",248,"*","*"
"Berlin School District","=""0070011""","Berlin High School","=""0076111""","Eligible For Free Lunch",8,"*","*"
"Berlin School District","=""0070011""","Berlin High School","=""0076111""","Eligible For Reduced Lunch",6,"*","*"
"Berlin School District","=""0070011""","Berlin High School","=""0076111""","Not Eligible For Lunch",247,239,96.8
"Bethel School District","=""0090011""","Bethel High School","=""0096111""","Eligible For Free Lunch",12,"*","*"
"Bethel School District","=""0090011""","Bethel High School","=""0096111""","Eligible For Reduced Lunch",7,"*","*"
"Bethel School District","=""0090011""","Bethel High School","=""0096111""","Not Eligible For Lunch",227,219,96.5
"Bloomfield School District","=""0110011""","Bloomfield High School","=""0116111""","Eligible For Free Lunch",47,"*","*"
"Bloomfield School District","=""0110011""","Bloomfield High School","=""0116111""","Eligible For Reduced Lunch",12,"*","*"
"Bloomfield School District","=""0110011""","Bloomfield High School","=""0116111""","Not Eligible For Lunch",106,91,85.8
"Bloomfield School District","=""0110011""","The Big Picture High School","=""0116211""","Eligible For Free Lunch",7,"*","*"
"Bloomfield School District","=""0110011""","The Big Picture High School","=""0116211""","Eligible For Reduced Lunch","*","*","*"
"Bloomfield School District","=""0110011""","The Big Picture High School","=""0116211""","Not Eligible For Lunch","*","*","*"
"Bolton School District","=""0120011""","Bolton High School","=""0126111""","Eligible For Free Lunch",7,"*","*"
"Bolton School District","=""0120011""","Bolton High School","=""0126111""","Not Eligible For Lunch",65,"*","*"
"Branford School District","=""0140011""","Branford High School","=""0146111""","Eligible For Free Lunch",25,"*","*"
"Branford School District","=""0140011""","Branford High School","=""0146111""","Eligible For Reduced Lunch",12,"*","*"
"Branford School District","=""0140011""","Branford High School","=""0146111""","Not Eligible For Lunch",237,233,98.3
"Bridgeport School District","=""0150011""","Bassick High School","=""0156111""","Eligible For Free Lunch",311,210,67.5
"Bridgeport School District","=""0150011""","Bassick High School","=""0156111""","Eligible For Reduced Lunch",10,"*","*"
"Bridgeport School District","=""0150011""","Bassick High School","=""0156111""","Not Eligible For Lunch",13,"*","*"
"Bridgeport School District","=""0150011""","Central High School","=""0156211""","Eligible For Free Lunch",485,385,79.4
"Bridgeport School District","=""0150011""","Central High School","=""0156211""","Eligible For Reduced Lunch",53,47,88.7
"Bridgeport School District","=""0150011""","Central High School","=""0156211""","Not Eligible For Lunch",53,39,73.6
"Bridgeport School District","=""0150011""","Harding High School","=""0156311""","Eligible For Free Lunch",388,193,49.7
"Bridgeport School District","=""0150011""","Harding High School","=""0156311""","Eligible For Reduced Lunch",11,"*","*"
"Bridgeport School District","=""0150011""","Harding High School","=""0156311""","Not Eligible For Lunch",27,"*","*"
"Bristol School District","=""0170011""","Bristol Central High School","=""0176111""","Eligible For Free Lunch",69,45,65.2
"Bristol School District","=""0170011""","Bristol Central High School","=""0176111""","Eligible For Reduced Lunch",34,23,67.6
"Bristol School District","=""0170011""","Bristol Central High School","=""0176111""","Not Eligible For Lunch",226,195,86.3
"Bristol School District","=""0170011""","Bristol Eastern High School","=""0176211""","Eligible For Free Lunch",63,"*","*"
"Bristol School District","=""0170011""","Bristol Eastern High School","=""0176211""","Eligible For Reduced Lunch",16,"*","*"
"Bristol School District","=""0170011""","Bristol Eastern High School","=""0176211""","Not Eligible For Lunch",286,257,89.9
"Brookfield School District","=""0180011""","Brookfield High School","=""0186111""","Eligible For Free Lunch","*","*","*"
"Brookfield School District","=""0180011""","Brookfield High School","=""0186111""","Eligible For Reduced Lunch","*","*","*"
"Brookfield School District","=""0180011""","Brookfield High School","=""0186111""","Not Eligible For Lunch",257,249,96.9
"Canton School District","=""0230011""","Canton High School","=""0236111""","Eligible For Free Lunch","*","*","*"
"Canton School District","=""0230011""","Canton High School","=""0236111""","Not Eligible For Lunch","*","*","*"
"Capitol Region Education Council","=""2410014""","Great Path Academy at MCC","=""2416314""","Eligible For Free Lunch",60,54,90.0
"Capitol Region Education Council","=""2410014""","Great Path Academy at MCC","=""2416314""","Eligible For Reduced Lunch","*","*","*"
"Capitol Region Education Council","=""2410014""","Great Path Academy at MCC","=""2416314""","Not Eligible For Lunch","*","*","*"
"Capitol Region Education Council","=""2410014""","Greater Hartford Academy of  the Arts High School - Full Time","=""2416414""","Eligible For Free Lunch",22,"*","*"
"Capitol Region Education Council","=""2410014""","Greater Hartford Academy of  the Arts High School - Full Time","=""2416414""","Not Eligible For Lunch",39,"*","*"
"Capitol Region Education Council","=""2410014""","Metropolitan Learning Center for Global and International Studies","=""2416114""","Eligible For Free Lunch",16,"*","*"
"Capitol Region Education Council","=""2410014""","Metropolitan Learning Center for Global and International Studies","=""2416114""","Eligible For Reduced Lunch",6,"*","*"
"Capitol Region Education Council","=""2410014""","Metropolitan Learning Center for Global and International Studies","=""2416114""","Not Eligible For Lunch",80,74,92.5
"Cheshire School District","=""0250011""","Cheshire High School","=""0256111""","Eligible For Free Lunch",8,8,"*"
"Cheshire School District","=""0250011""","Cheshire High School","=""0256111""","Eligible For Reduced Lunch",9,9,"*"
"Cheshire School District","=""0250011""","Cheshire High School","=""0256111""","Not Eligible For Lunch",347,340,98.0
"Clinton School District","=""0270011""","The Morgan School","=""0276111""","Eligible For Free Lunch",6,"*","*"
"Clinton School District","=""0270011""","The Morgan School","=""0276111""","Eligible For Reduced Lunch",9,9,"*"
"Clinton School District","=""0270011""","The Morgan School","=""0276111""","Not Eligible For Lunch",129,"*","*"
"Colchester School District","=""0280011""","Bacon Academy","=""0286111""","Eligible For Free Lunch","*","*","*"
"Colchester School District","=""0280011""","Bacon Academy","=""0286111""","Eligible For Reduced Lunch","*","*","*"
"Colchester School District","=""0280011""","Bacon Academy","=""0286111""","Not Eligible For Lunch",230,222,96.5
"Common Ground High School District","=""2680013""","Common Ground High School","=""2686113""","Eligible For Free Lunch",19,16,"*"
"Common Ground High School District","=""2680013""","Common Ground High School","=""2686113""","Eligible For Reduced Lunch","*","*","*"
"Common Ground High School District","=""2680013""","Common Ground High School","=""2686113""","Not Eligible For Lunch","*","*","*"
"Connecticut Technical High School System","=""9000016""","A. I. Prince Technical High School","=""9001516""","Eligible For Free Lunch","*","*","*"
"Connecticut Technical High School System","=""9000016""","A. I. Prince Technical High School","=""9001516""","Eligible For Reduced Lunch","*","*","*"
"Connecticut Technical High School System","=""9000016""","A. I. Prince Technical High School","=""9001516""","Not Eligible For Lunch",134,125,93.3
"Connecticut Technical High School System","=""9000016""","Bullard-Havens Technical High School","=""9001116""","Eligible For Free Lunch","*","*","*"
"Connecticut Technical High School System","=""9000016""","Bullard-Havens Technical High School","=""9001116""","Eligible For Reduced Lunch","*","*","*"
"Connecticut Technical High School System","=""9000016""","Bullard-Havens Technical High School","=""9001116""","Not Eligible For Lunch",138,132,95.7
"Connecticut Technical High School System","=""9000016""","E. C. Goodwin Technical High School","=""9001916""","Eligible For Free Lunch",11,"*","*"
"Connecticut Technical High School System","=""9000016""","E. C. Goodwin Technical High School","=""9001916""","Not Eligible For Lunch",90,"*","*"
"Connecticut Technical High School System","=""9000016""","Eli Whitney Technical High School","=""9001416""","Eligible For Free Lunch","*","*","*"
"Connecticut Technical High School System","=""9000016""","Eli Whitney Technical High School","=""9001416""","Eligible For Reduced Lunch","*","*","*"
"Connecticut Technical High School System","=""9000016""","Eli Whitney Technical High School","=""9001416""","Not Eligible For Lunch",93,79,84.9
"Connecticut Technical High School System","=""9000016""","Ella T. Grasso Southeastern Technical High School","=""9002716""","Eligible For Free Lunch","*","*","*"
"Connecticut Technical High School System","=""9000016""","Ella T. Grasso Southeastern Technical High School","=""9002716""","Eligible For Reduced Lunch","*","*","*"
"Connecticut Technical High School System","=""9000016""","Ella T. Grasso Southeastern Technical High School","=""9002716""","Not Eligible For Lunch",101,"*","*"
"Connecticut Technical High School System","=""9000016""","Emmett O'Brien Technical High School","=""9002516""","Eligible For Free Lunch","*","*","*"
"Connecticut Technical High School System","=""9000016""","Emmett O'Brien Technical High School","=""9002516""","Not Eligible For Lunch","*","*","*"
"Connecticut Technical High School System","=""9000016""","H. C. Wilcox Technical High School","=""9001716""","Eligible For Free Lunch",16,"*","*"
"Connecticut Technical High School System","=""9000016""","H. C. Wilcox Technical High School","=""9001716""","Not Eligible For Lunch",166,"*","*"
"Connecticut Technical High School System","=""9000016""","H. H. Ellis Technical High School","=""9001316""","Eligible For Free Lunch","*","*","*"
"Connecticut Technical High School System","=""9000016""","H. H. Ellis Technical High School","=""9001316""","Eligible For Reduced Lunch","*","*","*"
"Connecticut Technical High School System","=""9000016""","H. H. Ellis Technical High School","=""9001316""","Not Eligible For Lunch",122,109,89.3
"Connecticut Technical High School System","=""9000016""","Henry Abbott Technical High School","=""9001216""","Eligible For Free Lunch","*","*","*"
"Connecticut Technical High School System","=""9000016""","Henry Abbott Technical High School","=""9001216""","Eligible For Reduced Lunch","*","*","*"
"Connecticut Technical High School System","=""9000016""","Henry Abbott Technical High School","=""9001216""","Not Eligible For Lunch",145,135,93.1
"Connecticut Technical High School System","=""9000016""","Howell Cheney Technical High School","=""9001616""","Eligible For Free Lunch","*","*","*"
"Connecticut Technical High School System","=""9000016""","Howell Cheney Technical High School","=""9001616""","Not Eligible For Lunch","*","*","*"
"Connecticut Technical High School System","=""9000016""","Norwich Technical High School","=""9002016""","Eligible For Free Lunch","*","*","*"
"Connecticut Technical High School System","=""9000016""","Norwich Technical High School","=""9002016""","Eligible For Reduced Lunch","*","*","*"
"Connecticut Technical High School System","=""9000016""","Norwich Technical High School","=""9002016""","Not Eligible For Lunch",102,100,98.0
"Connecticut Technical High School System","=""9000016""","Oliver Wolcott Technical High School","=""9002216""","Eligible For Free Lunch","*","*","*"
"Connecticut Technical High School System","=""9000016""","Oliver Wolcott Technical High School","=""9002216""","Eligible For Reduced Lunch","*","*","*"
"Connecticut Technical High School System","=""9000016""","Oliver Wolcott Technical High School","=""9002216""","Not Eligible For Lunch",188,175,93.1
"Connecticut Technical High School System","=""9000016""","Platt Technical High School","=""9002616""","Eligible For Free Lunch","*","*","*"
"Connecticut Technical High School System","=""9000016""","Platt Technical High School","=""9002616""","Eligible For Reduced Lunch","*","*","*"
"Connecticut Technical High School System","=""9000016""","Platt Technical High School","=""9002616""","Not Eligible For Lunch",181,"*","*"
"Connecticut Technical High School System","=""9000016""","Vinal Technical High School","=""9001816""","Eligible For Free Lunch","*","*","*"
"Connecticut Technical High School System","=""9000016""","Vinal Technical High School","=""9001816""","Not Eligible For Lunch","*","*","*"
"Connecticut Technical High School System","=""9000016""","W. F. Kaynor Technical High School","=""9002316""","Eligible For Free Lunch","*","*","*"
"Connecticut Technical High School System","=""9000016""","W. F. Kaynor Technical High School","=""9002316""","Eligible For Reduced Lunch","*","*","*"
"Connecticut Technical High School System","=""9000016""","W. F. Kaynor Technical High School","=""9002316""","Not Eligible For Lunch",130,"*","*"
"Connecticut Technical High School System","=""9000016""","Windham Technical High School","=""9002416""","Eligible For Free Lunch",8,"*","*"
"Connecticut Technical High School System","=""9000016""","Windham Technical High School","=""9002416""","Not Eligible For Lunch",118,"*","*"
"Coventry School District","=""0320011""","Coventry High School","=""0326111""","Eligible For Free Lunch",9,"*","*"
"Coventry School District","=""0320011""","Coventry High School","=""0326111""","Eligible For Reduced Lunch",6,"*","*"
"Coventry School District","=""0320011""","Coventry High School","=""0326111""","Not Eligible For Lunch",137,125,91.2
"Cromwell School District","=""0330011""","Cromwell High School","=""0336111""","Eligible For Free Lunch",10,"*","*"
"Cromwell School District","=""0330011""","Cromwell High School","=""0336111""","Eligible For Reduced Lunch",6,"*","*"
"Cromwell School District","=""0330011""","Cromwell High School","=""0336111""","Not Eligible For Lunch",150,146,97.3
"Danbury School District","=""0340011""","Danbury High School","=""0346111""","Eligible For Free Lunch",166,"*","*"
"Danbury School District","=""0340011""","Danbury High School","=""0346111""","Eligible For Reduced Lunch",45,"*","*"
"Danbury School District","=""0340011""","Danbury High School","=""0346111""","Not Eligible For Lunch",499,445,89.2
"Darien School District","=""0350011""","Darien High School","=""0356111""","Eligible For Free Lunch","*","*","*"
"Darien School District","=""0350011""","Darien High School","=""0356111""","Eligible For Reduced Lunch","*","*","*"
"Darien School District","=""0350011""","Darien High School","=""0356111""","Not Eligible For Lunch",322,314,97.5
"Derby School District","=""0370011""","Derby High School","=""0376111""","Eligible For Free Lunch",38,"*","*"
"Derby School District","=""0370011""","Derby High School","=""0376111""","Eligible For Reduced Lunch",12,"*","*"
"Derby School District","=""0370011""","Derby High School","=""0376111""","Not Eligible For Lunch",70,60,85.7
"East Granby School District","=""0400011""","East Granby High School","=""0406111""","Not Eligible For Lunch",76,"*","*"
"East Haddam School District","=""0410011""","Nathan Hale-Ray High School","=""0416111""","Eligible For Free Lunch","*","*","*"
"East Haddam School District","=""0410011""","Nathan Hale-Ray High School","=""0416111""","Eligible For Reduced Lunch","*","*","*"
"East Haddam School District","=""0410011""","Nathan Hale-Ray High School","=""0416111""","Not Eligible For Lunch",86,80,93.0
"East Hampton School District","=""0420011""","East Hampton High School","=""0426111""","Eligible For Free Lunch","*","*","*"
"East Hampton School District","=""0420011""","East Hampton High School","=""0426111""","Eligible For Reduced Lunch","*","*","*"
"East Hampton School District","=""0420011""","East Hampton High School","=""0426111""","Not Eligible For Lunch",128,120,93.8
"East Hartford School District","=""0430011""","Connecticut IB Academy","=""0436311""","Eligible For Free Lunch","*","*","*"
"East Hartford School District","=""0430011""","Connecticut IB Academy","=""0436311""","Eligible For Reduced Lunch","*","*","*"
"East Hartford School District","=""0430011""","Connecticut IB Academy","=""0436311""","Not Eligible For Lunch",24,24,100.0
"East Hartford School District","=""0430011""","East Hartford High School","=""0436211""","Eligible For Free Lunch",204,172,84.3
"East Hartford School District","=""0430011""","East Hartford High School","=""0436211""","Eligible For Reduced Lunch",59,53,89.8
"East Hartford School District","=""0430011""","East Hartford High School","=""0436211""","Not Eligible For Lunch",234,209,89.3
"East Haven School District","=""0440011""","East Haven High School","=""0446111""","Eligible For Free Lunch",44,"*","*"
"East Haven School District","=""0440011""","East Haven High School","=""0446111""","Eligible For Reduced Lunch",21,"*","*"
"East Haven School District","=""0440011""","East Haven High School","=""0446111""","Not Eligible For Lunch",227,209,92.1
"East Lyme School District","=""0450011""","East Lyme High School","=""0456111""","Eligible For Free Lunch","*","*","*"
"East Lyme School District","=""0450011""","East Lyme High School","=""0456111""","Eligible For Reduced Lunch","*","*","*"
"East Lyme School District","=""0450011""","East Lyme High School","=""0456111""","Not Eligible For Lunch",313,306,97.8
"East Windsor School District","=""0470011""","East Windsor High School","=""0476111""","Eligible For Free Lunch","*","*","*"
"East Windsor School District","=""0470011""","East Windsor High School","=""0476111""","Eligible For Reduced Lunch","*","*","*"
"East Windsor School District","=""0470011""","East Windsor High School","=""0476111""","Not Eligible For Lunch",62,"*","*"
"Eastern Connecticut Regional Educational Service Center (EASTCONN)","=""2530014""","Arts at the Capitol Theater Magnet School (ACT)","=""2536014""","Eligible For Free Lunch","*","*","*"
"Eastern Connecticut Regional Educational Service Center (EASTCONN)","=""2530014""","Arts at the Capitol Theater Magnet School (ACT)","=""2536014""","Not Eligible For Lunch","*","*","*"
"Eastern Connecticut Regional Educational Service Center (EASTCONN)","=""2530014""","Quinebaug Middle College","=""2536114""","Eligible For Free Lunch","*","*","*"
"Eastern Connecticut Regional Educational Service Center (EASTCONN)","=""2530014""","Quinebaug Middle College","=""2536114""","Eligible For Reduced Lunch","*","*","*"
"Eastern Connecticut Regional Educational Service Center (EASTCONN)","=""2530014""","Quinebaug Middle College","=""2536114""","Not Eligible For Lunch",29,21,72.4
"Ellington School District","=""0480011""","Ellington High School","=""0486111""","Eligible For Free Lunch","*","*","*"
"Ellington School District","=""0480011""","Ellington High School","=""0486111""","Eligible For Reduced Lunch","*","*","*"
"Ellington School District","=""0480011""","Ellington High School","=""0486111""","Not Eligible For Lunch",173,167,96.5
"Enfield School District","=""0490011""","Enfield High School","=""0496111""","Eligible For Free Lunch",39,"*","*"
"Enfield School District","=""0490011""","Enfield High School","=""0496111""","Eligible For Reduced Lunch",12,"*","*"
"Enfield School District","=""0490011""","Enfield High School","=""0496111""","Not Eligible For Lunch",186,170,91.4
"Enfield School District","=""0490011""","Enrico Fermi High School","=""0496211""","Eligible For Free Lunch",24,"*","*"
"Enfield School District","=""0490011""","Enrico Fermi High School","=""0496211""","Eligible For Reduced Lunch",17,"*","*"
"Enfield School District","=""0490011""","Enrico Fermi High School","=""0496211""","Not Eligible For Lunch",231,210,90.9
"Explorations District","=""2720013""","Explorations","=""2726113""","Eligible For Free Lunch","*","*","*"
"Explorations District","=""2720013""","Explorations","=""2726113""","Eligible For Reduced Lunch","*","*","*"
"Explorations District","=""2720013""","Explorations","=""2726113""","Not Eligible For Lunch",22,15,68.2
"Fairfield School District","=""0510011""","Fairfield Ludlowe High School","=""0516011""","Eligible For Free Lunch",14,14,"*"
"Fairfield School District","=""0510011""","Fairfield Ludlowe High School","=""0516011""","Eligible For Reduced Lunch",6,6,"*"
"Fairfield School District","=""0510011""","Fairfield Ludlowe High School","=""0516011""","Not Eligible For Lunch",330,320,97.0
"Fairfield School District","=""0510011""","Fairfield Warde High School","=""0516211""","Eligible For Free Lunch","*","*","*"
"Fairfield School District","=""0510011""","Fairfield Warde High School","=""0516211""","Eligible For Reduced Lunch","*","*","*"
"Fairfield School District","=""0510011""","Fairfield Warde High School","=""0516211""","Not Eligible For Lunch",276,272,98.6
"Farmington School District","=""0520011""","Farmington High School","=""0526111""","Eligible For Free Lunch",15,"*","*"
"Farmington School District","=""0520011""","Farmington High School","=""0526111""","Eligible For Reduced Lunch",10,"*","*"
"Farmington School District","=""0520011""","Farmington High School","=""0526111""","Not Eligible For Lunch",308,301,97.7
"Glastonbury School District","=""0540011""","Glastonbury High School","=""0546111""","Eligible For Free Lunch",17,"*","*"
"Glastonbury School District","=""0540011""","Glastonbury High School","=""0546111""","Eligible For Reduced Lunch",9,"*","*"
"Glastonbury School District","=""0540011""","Glastonbury High School","=""0546111""","Not Eligible For Lunch",516,509,98.6
"Granby School District","=""0560011""","Granby Memorial High School","=""0566111""","Eligible For Free Lunch","*","*","*"
"Granby School District","=""0560011""","Granby Memorial High School","=""0566111""","Eligible For Reduced Lunch","*","*","*"
"Granby School District","=""0560011""","Granby Memorial High School","=""0566111""","Not Eligible For Lunch",186,"*","*"
"Greenwich School District","=""0570011""","Greenwich High School","=""0576111""","Eligible For Free Lunch",40,"*","*"
"Greenwich School District","=""0570011""","Greenwich High School","=""0576111""","Eligible For Reduced Lunch",24,"*","*"
"Greenwich School District","=""0570011""","Greenwich High School","=""0576111""","Not Eligible For Lunch",567,557,98.2
"Griswold School District","=""0580011""","Griswold High School","=""0586211""","Eligible For Free Lunch",26,"*","*"
"Griswold School District","=""0580011""","Griswold High School","=""0586211""","Eligible For Reduced Lunch",8,"*","*"
"Griswold School District","=""0580011""","Griswold High School","=""0586211""","Not Eligible For Lunch",162,145,89.5
"Groton School District","=""0590011""","Robert E. Fitch High School","=""0596111""","Eligible For Free Lunch",64,43,67.2
"Groton School District","=""0590011""","Robert E. Fitch High School","=""0596111""","Eligible For Reduced Lunch",34,23,67.6
"Groton School District","=""0590011""","Robert E. Fitch High School","=""0596111""","Not Eligible For Lunch",227,205,90.3
"Guilford School District","=""0600011""","Guilford High School","=""0606111""","Eligible For Free Lunch","*","*","*"
"Guilford School District","=""0600011""","Guilford High School","=""0606111""","Eligible For Reduced Lunch","*","*","*"
"Guilford School District","=""0600011""","Guilford High School","=""0606111""","Not Eligible For Lunch",251,244,97.2
"Hamden School District","=""0620011""","Hamden High School","=""0626111""","Eligible For Free Lunch",114,"*","*"
"Hamden School District","=""0620011""","Hamden High School","=""0626111""","Eligible For Reduced Lunch",17,"*","*"
"Hamden School District","=""0620011""","Hamden High School","=""0626111""","Not Eligible For Lunch",436,403,92.4
"Hartford School District","=""0640011""","Bulkeley High School Upper School","=""0647111""","Eligible For Free Lunch",256,210,82.0
"Hartford School District","=""0640011""","Bulkeley High School Upper School","=""0647111""","Eligible For Reduced Lunch","*","*","*"
"Hartford School District","=""0640011""","Bulkeley High School Upper School","=""0647111""","Not Eligible For Lunch","*","*","*"
"Hartford School District","=""0640011""","Capital Preparatory Magnet School","=""0646911""","Eligible For Free Lunch","*","*","*"
"Hartford School District","=""0640011""","Capital Preparatory Magnet School","=""0646911""","Eligible For Reduced Lunch","*","*","*"
"Hartford School District","=""0640011""","Capital Preparatory Magnet School","=""0646911""","Not Eligible For Lunch",15,"*","*"
"Hartford School District","=""0640011""","Classical Magnet School","=""0646411""","Eligible For Free Lunch",33,"*","*"
"Hartford School District","=""0640011""","Classical Magnet School","=""0646411""","Eligible For Reduced Lunch",10,"*","*"
"Hartford School District","=""0640011""","Classical Magnet School","=""0646411""","Not Eligible For Lunch",45,45,100.0
"Hartford School District","=""0640011""","Culinary Arts Academy","=""0646011""","Eligible For Free Lunch",87,61,70.1
"Hartford School District","=""0640011""","Culinary Arts Academy","=""0646011""","Eligible For Reduced Lunch","*","*","*"
"Hartford School District","=""0640011""","Culinary Arts Academy","=""0646011""","Not Eligible For Lunch","*","*","*"
"Hartford School District","=""0640011""","HPHS Academy of Engineering and Green Technology","=""0647211""","Eligible For Free Lunch",129,105,81.4
"Hartford School District","=""0640011""","HPHS Academy of Nursing and Health Science","=""0647511""","Eligible For Free Lunch",127,100,78.7
"Hartford School District","=""0640011""","HPHS Academy of Nursing and Health Science","=""0647511""","Eligible For Reduced Lunch","*","*","*"
"Hartford School District","=""0640011""","HPHS Academy of Nursing and Health Science","=""0647511""","Not Eligible For Lunch","*","*","*"
"Hartford School District","=""0640011""","HPHS Law and Government Academy","=""0647411""","Eligible For Free Lunch",96,65,67.7
"Hartford School District","=""0640011""","HPHS Law and Government Academy","=""0647411""","Eligible For Reduced Lunch","*","*","*"
"Hartford School District","=""0640011""","HPHS Law and Government Academy","=""0647411""","Not Eligible For Lunch","*","*","*"
"Hartford School District","=""0640011""","OPPortunity High School","=""0647811""","Eligible For Free Lunch",46,"*","*"
"Hartford School District","=""0640011""","OPPortunity High School","=""0647811""","Not Eligible For Lunch",7,"*","*"
"Hartford School District","=""0640011""","Pathways Academy of Technology and Design","=""0646611""","Eligible For Free Lunch",89,"*","*"
"Hartford School District","=""0640011""","Pathways Academy of Technology and Design","=""0646611""","Not Eligible For Lunch",8,"*","*"
"Hartford School District","=""0640011""","Sports and Medical Sciences Academy","=""0646511""","Eligible For Free Lunch",102,95,93.1
"Hartford School District","=""0640011""","Sports and Medical Sciences Academy","=""0646511""","Eligible For Reduced Lunch","*","*","*"
"Hartford School District","=""0640011""","Sports and Medical Sciences Academy","=""0646511""","Not Eligible For Lunch","*","*","*"
"Hartford School District","=""0640011""","University High of Science and Engineering","=""0646711""","Eligible For Free Lunch",24,"*","*"
"Hartford School District","=""0640011""","University High of Science and Engineering","=""0646711""","Eligible For Reduced Lunch",9,9,"*"
"Hartford School District","=""0640011""","University High of Science and Engineering","=""0646711""","Not Eligible For Lunch",39,"*","*"
"Killingly School District","=""0690011""","Killingly High School","=""0696111""","Eligible For Free Lunch",40,"*","*"
"Killingly School District","=""0690011""","Killingly High School","=""0696111""","Eligible For Reduced Lunch",14,"*","*"
"Killingly School District","=""0690011""","Killingly High School","=""0696111""","Not Eligible For Lunch",137,113,82.5
"Lebanon School District","=""0710011""","Lyman Memorial High School","=""0716211""","Eligible For Free Lunch",13,"*","*"
"Lebanon School District","=""0710011""","Lyman Memorial High School","=""0716211""","Eligible For Reduced Lunch",6,"*","*"
"Lebanon School District","=""0710011""","Lyman Memorial High School","=""0716211""","Not Eligible For Lunch",139,"*","*"
"Ledyard School District","=""0720011""","Ledyard High School","=""0726111""","Eligible For Free Lunch",18,"*","*"
"Ledyard School District","=""0720011""","Ledyard High School","=""0726111""","Eligible For Reduced Lunch",15,"*","*"
"Ledyard School District","=""0720011""","Ledyard High School","=""0726111""","Not Eligible For Lunch",192,179,93.2
"Lisbon School District","=""0730011""","Community Connection - The Big Picture High School","=""0736011""","Not Eligible For Lunch","*","*","*"
"Litchfield School District","=""0740011""","Litchfield High School","=""0746111""","Eligible For Free Lunch","*","*","*"
"Litchfield School District","=""0740011""","Litchfield High School","=""0746111""","Eligible For Reduced Lunch","*","*","*"
"Litchfield School District","=""0740011""","Litchfield High School","=""0746111""","Not Eligible For Lunch",84,"*","*"
"Madison School District","=""0760011""","Daniel Hand High School","=""0766111""","Eligible For Free Lunch",9,"*","*"
"Madison School District","=""0760011""","Daniel Hand High School","=""0766111""","Not Eligible For Lunch",306,"*","*"
"Manchester School District","=""0770011""","Manchester High School","=""0776111""","Eligible For Free Lunch",139,86,61.9
"Manchester School District","=""0770011""","Manchester High School","=""0776111""","Eligible For Reduced Lunch",34,23,67.6
"Manchester School District","=""0770011""","Manchester High School","=""0776111""","Not Eligible For Lunch",313,276,88.2
"Meriden School District","=""0800011""","Francis T. Maloney High School","=""0806111""","Eligible For Free Lunch",147,"*","*"
"Meriden School District","=""0800011""","Francis T. Maloney High School","=""0806111""","Eligible For Reduced Lunch",9,"*","*"
"Meriden School District","=""0800011""","Francis T. Maloney High School","=""0806111""","Not Eligible For Lunch",155,136,87.7
"Meriden School District","=""0800011""","Orville H. Platt High School","=""0806211""","Eligible For Free Lunch",174,113,64.9
"Meriden School District","=""0800011""","Orville H. Platt High School","=""0806211""","Eligible For Reduced Lunch","*","*","*"
"Meriden School District","=""0800011""","Orville H. Platt High School","=""0806211""","Not Eligible For Lunch","*","*","*"
"Middletown School District","=""0830011""","Middletown High School","=""0836211""","Eligible For Free Lunch",80,51,63.8
"Middletown School District","=""0830011""","Middletown High School","=""0836211""","Eligible For Reduced Lunch",24,18,75.0
"Middletown School District","=""0830011""","Middletown High School","=""0836211""","Not Eligible For Lunch",232,208,89.7
"Milford School District","=""0840011""","Jonathan Law High School","=""0846211""","Eligible For Free Lunch",27,20,74.1
"Milford School District","=""0840011""","Jonathan Law High School","=""0846211""","Eligible For Reduced Lunch",12,9,"*"
"Milford School District","=""0840011""","Jonathan Law High School","=""0846211""","Not Eligible For Lunch",182,170,93.4
"Milford School District","=""0840011""","Joseph A. Foran High School","=""0846311""","Eligible For Free Lunch",27,"*","*"
"Milford School District","=""0840011""","Joseph A. Foran High School","=""0846311""","Eligible For Reduced Lunch",9,"*","*"
"Milford School District","=""0840011""","Joseph A. Foran High School","=""0846311""","Not Eligible For Lunch",230,220,95.7
"Monroe School District","=""0850011""","Masuk High School","=""0856111""","Eligible For Free Lunch","*","*","*"
"Monroe School District","=""0850011""","Masuk High School","=""0856111""","Eligible For Reduced Lunch","*","*","*"
"Monroe School District","=""0850011""","Masuk High School","=""0856111""","Not Eligible For Lunch",351,347,98.9
"Montville School District","=""0860011""","Montville High School","=""0866111""","Eligible For Free Lunch",26,"*","*"
"Montville School District","=""0860011""","Montville High School","=""0866111""","Eligible For Reduced Lunch",8,"*","*"
"Montville School District","=""0860011""","Montville High School","=""0866111""","Not Eligible For Lunch",161,143,88.8
"Naugatuck School District","=""0880011""","Naugatuck High School","=""0886111""","Eligible For Free Lunch",87,67,77.0
"Naugatuck School District","=""0880011""","Naugatuck High School","=""0886111""","Eligible For Reduced Lunch",32,25,78.1
"Naugatuck School District","=""0880011""","Naugatuck High School","=""0886111""","Not Eligible For Lunch",249,223,89.6
"New Britain School District","=""0890011""","New Britain High School","=""0896111""","Eligible For Free Lunch",404,226,55.9
"New Britain School District","=""0890011""","New Britain High School","=""0896111""","Eligible For Reduced Lunch",67,48,71.6
"New Britain School District","=""0890011""","New Britain High School","=""0896111""","Not Eligible For Lunch",240,168,70.0
"New Canaan School District","=""0900011""","New Canaan High School","=""0906111""","Eligible For Reduced Lunch","*","*","*"
"New Canaan School District","=""0900011""","New Canaan High School","=""0906111""","Not Eligible For Lunch","*","*","*"
"New Fairfield School District","=""0910011""","New Fairfield High School","=""0916111""","Eligible For Free Lunch","*","*","*"
"New Fairfield School District","=""0910011""","New Fairfield High School","=""0916111""","Eligible For Reduced Lunch","*","*","*"
"New Fairfield School District","=""0910011""","New Fairfield High School","=""0916111""","Not Eligible For Lunch",229,219,95.6
"New Haven School District","=""0930011""","Cooperative High School","=""0936411""","Eligible For Free Lunch",53,41,77.4
"New Haven School District","=""0930011""","Cooperative High School","=""0936411""","Eligible For Reduced Lunch",10,"*","*"
"New Haven School District","=""0930011""","Cooperative High School","=""0936411""","Not Eligible For Lunch",46,"*","*"
"New Haven School District","=""0930011""","High School In The Community","=""0936611""","Eligible For Free Lunch",39,27,69.2
"New Haven School District","=""0930011""","High School In The Community","=""0936611""","Eligible For Reduced Lunch",6,"*","*"
"New Haven School District","=""0930011""","High School In The Community","=""0936611""","Not Eligible For Lunch",32,"*","*"
"New Haven School District","=""0930011""","Hill Regional Career High School","=""0936311""","Eligible For Free Lunch",93,77,82.8
"New Haven School District","=""0930011""","Hill Regional Career High School","=""0936311""","Eligible For Reduced Lunch",14,"*","*"
"New Haven School District","=""0930011""","Hill Regional Career High School","=""0936311""","Not Eligible For Lunch",63,"*","*"
"New Haven School District","=""0930011""","Hyde School of Health, Science and Sports Medicine","=""0936811""","Eligible For Free Lunch",27,22,81.5
"New Haven School District","=""0930011""","Hyde School of Health, Science and Sports Medicine","=""0936811""","Eligible For Reduced Lunch","*","*","*"
"New Haven School District","=""0930011""","Hyde School of Health, Science and Sports Medicine","=""0936811""","Not Eligible For Lunch","*","*","*"
"New Haven School District","=""0930011""","James Hillhouse High School","=""0936211""","Eligible For Free Lunch",213,127,59.6
"New Haven School District","=""0930011""","James Hillhouse High School","=""0936211""","Eligible For Reduced Lunch",11,"*","*"
"New Haven School District","=""0930011""","James Hillhouse High School","=""0936211""","Not Eligible For Lunch",82,"*","*"
"New Haven School District","=""0930011""","Metropolitan Business Academy","=""0936011""","Eligible For Free Lunch",22,"*","*"
"New Haven School District","=""0930011""","Metropolitan Business Academy","=""0936011""","Eligible For Reduced Lunch","*","*","*"
"New Haven School District","=""0930011""","Metropolitan Business Academy","=""0936011""","Not Eligible For Lunch","*","*","*"
"New Haven School District","=""0930011""","New Haven Academy","=""0937011""","Eligible For Free Lunch",36,26,72.2
"New Haven School District","=""0930011""","New Haven Academy","=""0937011""","Eligible For Reduced Lunch",6,"*","*"
"New Haven School District","=""0930011""","New Haven Academy","=""0937011""","Not Eligible For Lunch",19,"*","*"
"New Haven School District","=""0930011""","Sound School","=""0936711""","Eligible For Free Lunch",17,"*","*"
"New Haven School District","=""0930011""","Sound School","=""0936711""","Eligible For Reduced Lunch",6,6,"*"
"New Haven School District","=""0930011""","Sound School","=""0936711""","Not Eligible For Lunch",38,"*","*"
"New Haven School District","=""0930011""","Wilbur Cross High School","=""0936111""","Eligible For Free Lunch",349,210,60.2
"New Haven School District","=""0930011""","Wilbur Cross High School","=""0936111""","Eligible For Reduced Lunch",12,"*","*"
"New Haven School District","=""0930011""","Wilbur Cross High School","=""0936111""","Not Eligible For Lunch",111,"*","*"
"New London School District","=""0950011""","New London High School","=""0956111""","Eligible For Free Lunch",138,92,66.7
"New London School District","=""0950011""","New London High School","=""0956111""","Eligible For Reduced Lunch",31,21,67.7
"New London School District","=""0950011""","New London High School","=""0956111""","Not Eligible For Lunch",90,70,77.8
"New Milford School District","=""0960011""","New Milford High School","=""0966111""","Eligible For Free Lunch",25,"*","*"
"New Milford School District","=""0960011""","New Milford High School","=""0966111""","Eligible For Reduced Lunch",11,"*","*"
"New Milford School District","=""0960011""","New Milford High School","=""0966111""","Not Eligible For Lunch",355,324,91.3
"Newington School District","=""0940011""","Newington High School","=""0946111""","Eligible For Free Lunch",47,"*","*"
"Newington School District","=""0940011""","Newington High School","=""0946111""","Eligible For Reduced Lunch",19,"*","*"
"Newington School District","=""0940011""","Newington High School","=""0946111""","Not Eligible For Lunch",343,315,91.8
"Newtown School District","=""0970011""","Newtown High School","=""0976111""","Eligible For Free Lunch","*","*","*"
"Newtown School District","=""0970011""","Newtown High School","=""0976111""","Eligible For Reduced Lunch","*","*","*"
"Newtown School District","=""0970011""","Newtown High School","=""0976111""","Not Eligible For Lunch",431,415,96.3
"North Branford School District","=""0990011""","North Branford High School","=""0996111""","Eligible For Free Lunch",12,"*","*"
"North Branford School District","=""0990011""","North Branford High School","=""0996111""","Eligible For Reduced Lunch",6,"*","*"
"North Branford School District","=""0990011""","North Branford High School","=""0996111""","Not Eligible For Lunch",177,"*","*"
"North Haven School District","=""1010011""","North Haven High School","=""1016111""","Eligible For Free Lunch",30,25,83.3
"North Haven School District","=""1010011""","North Haven High School","=""1016111""","Eligible For Reduced Lunch",9,9,"*"
"North Haven School District","=""1010011""","North Haven High School","=""1016111""","Not Eligible For Lunch",264,235,89.0
"North Stonington School District","=""1020011""","Wheeler High School","=""1026111""","Eligible For Free Lunch",6,"*","*"
"North Stonington School District","=""1020011""","Wheeler High School","=""1026111""","Eligible For Reduced Lunch",6,"*","*"
"North Stonington School District","=""1020011""","Wheeler High School","=""1026111""","Not Eligible For Lunch",55,"*","*"
"Norwalk School District","=""1030011""","Brien McMahon High School","=""1036211""","Eligible For Free Lunch",103,"*","*"
"Norwalk School District","=""1030011""","Brien McMahon High School","=""1036211""","Eligible For Reduced Lunch",32,"*","*"
"Norwalk School District","=""1030011""","Brien McMahon High School","=""1036211""","Not Eligible For Lunch",305,289,94.8
"Norwalk School District","=""1030011""","Norwalk High School","=""1036111""","Eligible For Free Lunch",75,62,82.7
"Norwalk School District","=""1030011""","Norwalk High School","=""1036111""","Eligible For Reduced Lunch",18,18,"*"
"Norwalk School District","=""1030011""","Norwalk High School","=""1036111""","Not Eligible For Lunch",285,260,91.2
"Norwalk School District","=""1030011""","Norwalk Pathways Academy at Briggs","=""1036311""","Eligible For Free Lunch",33,"*","*"
"Norwalk School District","=""1030011""","Norwalk Pathways Academy at Briggs","=""1036311""","Eligible For Reduced Lunch","*","*","*"
"Norwalk School District","=""1030011""","Norwalk Pathways Academy at Briggs","=""1036311""","Not Eligible For Lunch","*","*","*"
"Norwich Free Academy District","=""9010022""","Norwich Free Academy","=""9016122""","Eligible For Free Lunch",112,"*","*"
"Norwich Free Academy District","=""9010022""","Norwich Free Academy","=""9016122""","Eligible For Reduced Lunch",38,"*","*"
"Norwich Free Academy District","=""9010022""","Norwich Free Academy","=""9016122""","Not Eligible For Lunch",457,397,86.9
"Norwich School District","=""1040011""","Thames River Academy","=""1046111""","Eligible For Free Lunch","*","*","*"
"Norwich School District","=""1040011""","Thames River Academy","=""1046111""","Eligible For Reduced Lunch","*","*","*"
"Norwich School District","=""1040011""","Thames River Academy","=""1046111""","Not Eligible For Lunch",10,"*","*"
"Old Saybrook School District","=""1060011""","Old Saybrook Senior High School","=""1066111""","Eligible For Free Lunch","*","*","*"
"Old Saybrook School District","=""1060011""","Old Saybrook Senior High School","=""1066111""","Eligible For Reduced Lunch","*","*","*"
"Old Saybrook School District","=""1060011""","Old Saybrook Senior High School","=""1066111""","Not Eligible For Lunch",114,110,96.5
"Oxford School District","=""1080011""","Oxford High School","=""1086011""","Eligible For Free Lunch","*","*","*"
"Oxford School District","=""1080011""","Oxford High School","=""1086011""","Eligible For Reduced Lunch","*","*","*"
"Oxford School District","=""1080011""","Oxford High School","=""1086011""","Not Eligible For Lunch",148,143,96.6
"Plainfield School District","=""1090011""","Plainfield High School","=""1096111""","Eligible For Free Lunch",29,"*","*"
"Plainfield School District","=""1090011""","Plainfield High School","=""1096111""","Eligible For Reduced Lunch",16,"*","*"
"Plainfield School District","=""1090011""","Plainfield High School","=""1096111""","Not Eligible For Lunch",180,169,93.9
"Plainville School District","=""1100011""","Plainville High School","=""1106111""","Eligible For Free Lunch",15,9,"*"
"Plainville School District","=""1100011""","Plainville High School","=""1106111""","Eligible For Reduced Lunch",13,13,"*"
"Plainville School District","=""1100011""","Plainville High School","=""1106111""","Not Eligible For Lunch",202,187,92.6
"Plymouth School District","=""1110011""","Terryville High School","=""1116111""","Eligible For Free Lunch",9,"*","*"
"Plymouth School District","=""1110011""","Terryville High School","=""1116111""","Eligible For Reduced Lunch",7,7,"*"
"Plymouth School District","=""1110011""","Terryville High School","=""1116111""","Not Eligible For Lunch",120,"*","*"
"Portland School District","=""1130011""","Portland High School","=""1136111""","Eligible For Free Lunch",12,"*","*"
"Portland School District","=""1130011""","Portland High School","=""1136111""","Not Eligible For Lunch",84,"*","*"
"Putnam School District","=""1160011""","Putnam High School","=""1166111""","Eligible For Free Lunch",21,17,81.0
"Putnam School District","=""1160011""","Putnam High School","=""1166111""","Eligible For Reduced Lunch",6,"*","*"
"Putnam School District","=""1160011""","Putnam High School","=""1166111""","Not Eligible For Lunch",46,"*","*"
"Regional School District 01","=""2010012""","Housatonic Valley Regional High School","=""2016112""","Eligible For Free Lunch","*","*","*"
"Regional School District 01","=""2010012""","Housatonic Valley Regional High School","=""2016112""","Eligible For Reduced Lunch","*","*","*"
"Regional School District 01","=""2010012""","Housatonic Valley Regional High School","=""2016112""","Not Eligible For Lunch",120,106,88.3
"Regional School District 04","=""2040012""","Valley Regional High School","=""2046112""","Eligible For Free Lunch","*","*","*"
"Regional School District 04","=""2040012""","Valley Regional High School","=""2046112""","Eligible For Reduced Lunch","*","*","*"
"Regional School District 04","=""2040012""","Valley Regional High School","=""2046112""","Not Eligible For Lunch",155,145,93.5
"Regional School District 05","=""2050012""","Amity Regional High School","=""2056112""","Eligible For Free Lunch","*","*","*"
"Regional School District 05","=""2050012""","Amity Regional High School","=""2056112""","Eligible For Reduced Lunch","*","*","*"
"Regional School District 05","=""2050012""","Amity Regional High School","=""2056112""","Not Eligible For Lunch",389,372,95.6
"Regional School District 06","=""2060012""","Wamogo Regional High School","=""2066112""","Eligible For Free Lunch","*","*","*"
"Regional School District 06","=""2060012""","Wamogo Regional High School","=""2066112""","Eligible For Reduced Lunch","*","*","*"
"Regional School District 06","=""2060012""","Wamogo Regional High School","=""2066112""","Not Eligible For Lunch",92,82,89.1
"Regional School District 07","=""2070012""","Northwestern Regional High School","=""2076112""","Eligible For Free Lunch","*","*","*"
"Regional School District 07","=""2070012""","Northwestern Regional High School","=""2076112""","Eligible For Reduced Lunch","*","*","*"
"Regional School District 07","=""2070012""","Northwestern Regional High School","=""2076112""","Not Eligible For Lunch",174,"*","*"
"Regional School District 08","=""2080012""","RHAM High School","=""2086112""","Eligible For Free Lunch","*","*","*"
"Regional School District 08","=""2080012""","RHAM High School","=""2086112""","Eligible For Reduced Lunch","*","*","*"
"Regional School District 08","=""2080012""","RHAM High School","=""2086112""","Not Eligible For Lunch",250,231,92.4
"Regional School District 09","=""2090012""","Joel Barlow High School","=""2096112""","Eligible For Free Lunch","*","*","*"
"Regional School District 09","=""2090012""","Joel Barlow High School","=""2096112""","Not Eligible For Lunch","*","*","*"
"Regional School District 10","=""2100012""","Lewis S. Mills High School","=""2106112""","Eligible For Free Lunch",7,7,"*"
"Regional School District 10","=""2100012""","Lewis S. Mills High School","=""2106112""","Not Eligible For Lunch",167,163,97.6
"Regional School District 11","=""2110012""","Parish Hill High School","=""2116112""","Eligible For Free Lunch","*","*","*"
"Regional School District 11","=""2110012""","Parish Hill High School","=""2116112""","Eligible For Reduced Lunch","*","*","*"
"Regional School District 11","=""2110012""","Parish Hill High School","=""2116112""","Not Eligible For Lunch",28,"*","*"
"Regional School District 12","=""2120012""","Shepaug Valley High School","=""2126112""","Eligible For Free Lunch","*","*","*"
"Regional School District 12","=""2120012""","Shepaug Valley High School","=""2126112""","Eligible For Reduced Lunch","*","*","*"
"Regional School District 12","=""2120012""","Shepaug Valley High School","=""2126112""","Not Eligible For Lunch",90,78,86.7
"Regional School District 13","=""2130012""","Coginchaug Regional High School","=""2136112""","Eligible For Free Lunch","*","*","*"
"Regional School District 13","=""2130012""","Coginchaug Regional High School","=""2136112""","Not Eligible For Lunch","*","*","*"
"Regional School District 14","=""2140012""","Nonnewaug High School","=""2146112""","Eligible For Free Lunch",12,"*","*"
"Regional School District 14","=""2140012""","Nonnewaug High School","=""2146112""","Eligible For Reduced Lunch",7,"*","*"
"Regional School District 14","=""2140012""","Nonnewaug High School","=""2146112""","Not Eligible For Lunch",198,194,98.0
"Regional School District 15","=""2150012""","Pomperaug Regional High School","=""2156212""","Eligible For Free Lunch",11,"*","*"
"Regional School District 15","=""2150012""","Pomperaug Regional High School","=""2156212""","Eligible For Reduced Lunch",9,"*","*"
"Regional School District 15","=""2150012""","Pomperaug Regional High School","=""2156212""","Not Eligible For Lunch",367,353,96.2
"Regional School District 16","=""2160012""","Woodland Regional High School","=""2166012""","Eligible For Free Lunch",18,"*","*"
"Regional School District 16","=""2160012""","Woodland Regional High School","=""2166012""","Eligible For Reduced Lunch",7,"*","*"
"Regional School District 16","=""2160012""","Woodland Regional High School","=""2166012""","Not Eligible For Lunch",173,159,91.9
"Regional School District 17","=""2170012""","Haddam-Killingworth High School","=""2176112""","Eligible For Free Lunch","*","*","*"
"Regional School District 17","=""2170012""","Haddam-Killingworth High School","=""2176112""","Eligible For Reduced Lunch","*","*","*"
"Regional School District 17","=""2170012""","Haddam-Killingworth High School","=""2176112""","Not Eligible For Lunch",173,165,95.4
"Regional School District 18","=""2180012""","Lyme-Old Lyme High School","=""2186112""","Eligible For Free Lunch","*","*","*"
"Regional School District 18","=""2180012""","Lyme-Old Lyme High School","=""2186112""","Eligible For Reduced Lunch","*","*","*"
"Regional School District 18","=""2180012""","Lyme-Old Lyme High School","=""2186112""","Not Eligible For Lunch",129,127,98.4
"Regional School District 19","=""2190012""","E. O. Smith High School","=""2196112""","Eligible For Free Lunch",19,"*","*"
"Regional School District 19","=""2190012""","E. O. Smith High School","=""2196112""","Eligible For Reduced Lunch",6,"*","*"
"Regional School District 19","=""2190012""","E. O. Smith High School","=""2196112""","Not Eligible For Lunch",258,231,89.5
"Ridgefield School District","=""1180011""","Ridgefield High School","=""1186111""","Eligible For Free Lunch","*","*","*"
"Ridgefield School District","=""1180011""","Ridgefield High School","=""1186111""","Eligible For Reduced Lunch","*","*","*"
"Ridgefield School District","=""1180011""","Ridgefield High School","=""1186111""","Not Eligible For Lunch",416,409,98.3
"Rocky Hill School District","=""1190011""","Rocky Hill High School","=""1196111""","Eligible For Free Lunch","*","*","*"
"Rocky Hill School District","=""1190011""","Rocky Hill High School","=""1196111""","Eligible For Reduced Lunch","*","*","*"
"Rocky Hill School District","=""1190011""","Rocky Hill High School","=""1196111""","Not Eligible For Lunch",167,155,92.8
"Seymour School District","=""1240011""","Seymour High School","=""1246111""","Eligible For Free Lunch",27,"*","*"
"Seymour School District","=""1240011""","Seymour High School","=""1246111""","Eligible For Reduced Lunch",9,"*","*"
"Seymour School District","=""1240011""","Seymour High School","=""1246111""","Not Eligible For Lunch",151,139,92.1
"Shelton School District","=""1260011""","Shelton High School","=""1266111""","Eligible For Free Lunch",39,"*","*"
"Shelton School District","=""1260011""","Shelton High School","=""1266111""","Eligible For Reduced Lunch",19,"*","*"
"Shelton School District","=""1260011""","Shelton High School","=""1266111""","Not Eligible For Lunch",335,316,94.3
"Simsbury School District","=""1280011""","Simsbury High School","=""1286111""","Eligible For Free Lunch",12,"*","*"
"Simsbury School District","=""1280011""","Simsbury High School","=""1286111""","Eligible For Reduced Lunch",6,"*","*"
"Simsbury School District","=""1280011""","Simsbury High School","=""1286111""","Not Eligible For Lunch",338,327,96.7
"Somers School District","=""1290011""","Somers High School","=""1296111""","Eligible For Free Lunch","*","*","*"
"Somers School District","=""1290011""","Somers High School","=""1296111""","Eligible For Reduced Lunch","*","*","*"
"Somers School District","=""1290011""","Somers High School","=""1296111""","Not Eligible For Lunch",138,"*","*"
"South Windsor School District","=""1320011""","South Windsor High School","=""1326211""","Eligible For Free Lunch",16,"*","*"
"South Windsor School District","=""1320011""","South Windsor High School","=""1326211""","Eligible For Reduced Lunch",10,"*","*"
"South Windsor School District","=""1320011""","South Windsor High School","=""1326211""","Not Eligible For Lunch",389,370,95.1
"Southington School District","=""1310011""","Southington High School","=""1316211""","Eligible For Free Lunch",26,20,76.9
"Southington School District","=""1310011""","Southington High School","=""1316211""","Eligible For Reduced Lunch",14,14,"*"
"Southington School District","=""1310011""","Southington High School","=""1316211""","Not Eligible For Lunch",495,477,96.4
"Stafford School District","=""1340011""","Stafford High School","=""1346111""","Eligible For Free Lunch",12,"*","*"
"Stafford School District","=""1340011""","Stafford High School","=""1346111""","Eligible For Reduced Lunch",10,"*","*"
"Stafford School District","=""1340011""","Stafford High School","=""1346111""","Not Eligible For Lunch",112,98,87.5
"Stamford Academy District","=""2820013""","Stamford Academy","=""2826013""","Eligible For Free Lunch",36,23,63.9
"Stamford Academy District","=""2820013""","Stamford Academy","=""2826013""","Eligible For Reduced Lunch","*","*","*"
"Stamford Academy District","=""2820013""","Stamford Academy","=""2826013""","Not Eligible For Lunch","*","*","*"
"Stamford School District","=""1350011""","Stamford High School","=""1356111""","Eligible For Free Lunch",138,"*","*"
"Stamford School District","=""1350011""","Stamford High School","=""1356111""","Eligible For Reduced Lunch",37,"*","*"
"Stamford School District","=""1350011""","Stamford High School","=""1356111""","Not Eligible For Lunch",266,242,91.0
"Stamford School District","=""1350011""","The Academy of Information Technology","=""1356411""","Eligible For Free Lunch",22,"*","*"
"Stamford School District","=""1350011""","The Academy of Information Technology","=""1356411""","Eligible For Reduced Lunch",15,"*","*"
"Stamford School District","=""1350011""","The Academy of Information Technology","=""1356411""","Not Eligible For Lunch",104,"*","*"
"Stamford School District","=""1350011""","Westhill High School","=""1356311""","Eligible For Free Lunch",196,163,83.2
"Stamford School District","=""1350011""","Westhill High School","=""1356311""","Eligible For Reduced Lunch",58,50,86.2
"Stamford School District","=""1350011""","Westhill High School","=""1356311""","Not Eligible For Lunch",339,314,92.6
"Stonington School District","=""1370011""","Stonington High School","=""1376111""","Eligible For Free Lunch","*","*","*"
"Stonington School District","=""1370011""","Stonington High School","=""1376111""","Eligible For Reduced Lunch","*","*","*"
"Stonington School District","=""1370011""","Stonington High School","=""1376111""","Not Eligible For Lunch",187,182,97.3
"Stratford School District","=""1380011""","Bunnell High School","=""1386211""","Eligible For Free Lunch",44,"*","*"
"Stratford School District","=""1380011""","Bunnell High School","=""1386211""","Eligible For Reduced Lunch",24,"*","*"
"Stratford School District","=""1380011""","Bunnell High School","=""1386211""","Not Eligible For Lunch",252,238,94.4
"Stratford School District","=""1380011""","Stratford High School","=""1386111""","Eligible For Free Lunch",69,"*","*"
"Stratford School District","=""1380011""","Stratford High School","=""1386111""","Eligible For Reduced Lunch",31,"*","*"
"Stratford School District","=""1380011""","Stratford High School","=""1386111""","Not Eligible For Lunch",141,129,91.5
"Suffield School District","=""1390011""","Suffield High School","=""1396111""","Eligible For Free Lunch","*","*","*"
"Suffield School District","=""1390011""","Suffield High School","=""1396111""","Eligible For Reduced Lunch","*","*","*"
"Suffield School District","=""1390011""","Suffield High School","=""1396111""","Not Eligible For Lunch",203,"*","*"
"The Bridge Academy District","=""2690013""","The Bridge Academy","=""2696113""","Eligible For Free Lunch",18,"*","*"
"The Bridge Academy District","=""2690013""","The Bridge Academy","=""2696113""","Eligible For Reduced Lunch","*","*","*"
"The Bridge Academy District","=""2690013""","The Bridge Academy","=""2696113""","Not Eligible For Lunch","*","*","*"
"The Gilbert School District","=""9020022""","The Gilbert School","=""9026122""","Eligible For Free Lunch",10,"*","*"
"The Gilbert School District","=""9020022""","The Gilbert School","=""9026122""","Eligible For Reduced Lunch",8,"*","*"
"The Gilbert School District","=""9020022""","The Gilbert School","=""9026122""","Not Eligible For Lunch",51,"*","*"
"Thomaston School District","=""1400011""","Thomaston High School","=""1406211""","Eligible For Free Lunch",7,"*","*"
"Thomaston School District","=""1400011""","Thomaston High School","=""1406211""","Eligible For Reduced Lunch",7,"*","*"
"Thomaston School District","=""1400011""","Thomaston High School","=""1406211""","Not Eligible For Lunch",88,"*","*"
"Thompson School District","=""1410011""","Tourtellotte Memorial High School","=""1416111""","Eligible For Free Lunch","*","*","*"
"Thompson School District","=""1410011""","Tourtellotte Memorial High School","=""1416111""","Eligible For Reduced Lunch","*","*","*"
"Thompson School District","=""1410011""","Tourtellotte Memorial High School","=""1416111""","Not Eligible For Lunch",78,"*","*"
"Tolland School District","=""1420011""","Tolland High School","=""1426111""","Eligible For Free Lunch","*","*","*"
"Tolland School District","=""1420011""","Tolland High School","=""1426111""","Not Eligible For Lunch","*","*","*"
"Torrington School District","=""1430011""","Torrington High School","=""1436111""","Eligible For Free Lunch",54,"*","*"
"Torrington School District","=""1430011""","Torrington High School","=""1436111""","Eligible For Reduced Lunch",16,"*","*"
"Torrington School District","=""1430011""","Torrington High School","=""1436111""","Not Eligible For Lunch",207,183,88.4
"Trumbull School District","=""1440011""","Trumbull High School","=""1446111""","Eligible For Free Lunch",13,13,"*"
"Trumbull School District","=""1440011""","Trumbull High School","=""1446111""","Eligible For Reduced Lunch",9,9,"*"
"Trumbull School District","=""1440011""","Trumbull High School","=""1446111""","Not Eligible For Lunch",480,475,99.0
"Vernon School District","=""1460011""","Rockville High School","=""1466111""","Eligible For Free Lunch",52,"*","*"
"Vernon School District","=""1460011""","Rockville High School","=""1466111""","Eligible For Reduced Lunch",14,"*","*"
"Vernon School District","=""1460011""","Rockville High School","=""1466111""","Not Eligible For Lunch",220,197,89.5
"Wallingford School District","=""1480011""","Lyman Hall High School","=""1486111""","Eligible For Free Lunch",15,"*","*"
"Wallingford School District","=""1480011""","Lyman Hall High School","=""1486111""","Eligible For Reduced Lunch",11,"*","*"
"Wallingford School District","=""1480011""","Lyman Hall High School","=""1486111""","Not Eligible For Lunch",270,245,90.7
"Wallingford School District","=""1480011""","Mark T. Sheehan High School","=""1486211""","Eligible For Free Lunch","*","*","*"
"Wallingford School District","=""1480011""","Mark T. Sheehan High School","=""1486211""","Eligible For Reduced Lunch","*","*","*"
"Wallingford School District","=""1480011""","Mark T. Sheehan High School","=""1486211""","Not Eligible For Lunch",237,219,92.4
"Waterbury School District","=""1510011""","Crosby High School","=""1516211""","Eligible For Free Lunch",255,163,63.9
"Waterbury School District","=""1510011""","Crosby High School","=""1516211""","Eligible For Reduced Lunch",48,40,83.3
"Waterbury School District","=""1510011""","Crosby High School","=""1516211""","Not Eligible For Lunch",113,70,61.9
"Waterbury School District","=""1510011""","John F. Kennedy High School","=""1516411""","Eligible For Free Lunch",186,125,67.2
"Waterbury School District","=""1510011""","John F. Kennedy High School","=""1516411""","Eligible For Reduced Lunch",40,29,72.5
"Waterbury School District","=""1510011""","John F. Kennedy High School","=""1516411""","Not Eligible For Lunch",133,114,85.7
"Waterbury School District","=""1510011""","Waterbury Arts Magnet School (High)","=""1516011""","Eligible For Free Lunch",31,31,100.0
"Waterbury School District","=""1510011""","Waterbury Arts Magnet School (High)","=""1516011""","Eligible For Reduced Lunch",20,"*","*"
"Waterbury School District","=""1510011""","Waterbury Arts Magnet School (High)","=""1516011""","Not Eligible For Lunch",63,"*","*"
"Waterbury School District","=""1510011""","Wilby High School","=""1516311""","Eligible For Free Lunch",224,139,62.1
"Waterbury School District","=""1510011""","Wilby High School","=""1516311""","Eligible For Reduced Lunch",29,"*","*"
"Waterbury School District","=""1510011""","Wilby High School","=""1516311""","Not Eligible For Lunch",90,"*","*"
"Waterford School District","=""1520011""","Waterford High School","=""1526111""","Eligible For Free Lunch","*","*","*"
"Waterford School District","=""1520011""","Waterford High School","=""1526111""","Eligible For Reduced Lunch","*","*","*"
"Waterford School District","=""1520011""","Waterford High School","=""1526111""","Not Eligible For Lunch",252,237,94.0
"Watertown School District","=""1530011""","Watertown High School","=""1536111""","Eligible For Free Lunch",19,"*","*"
"Watertown School District","=""1530011""","Watertown High School","=""1536111""","Eligible For Reduced Lunch",8,"*","*"
"Watertown School District","=""1530011""","Watertown High School","=""1536111""","Not Eligible For Lunch",218,200,91.7
"West Hartford School District","=""1550011""","Conard High School","=""1556111""","Eligible For Free Lunch",58,42,72.4
"West Hartford School District","=""1550011""","Conard High School","=""1556111""","Eligible For Reduced Lunch",15,10,"*"
"West Hartford School District","=""1550011""","Conard High School","=""1556111""","Not Eligible For Lunch",335,321,95.8
"West Hartford School District","=""1550011""","Hall High School","=""1556211""","Eligible For Free Lunch",41,"*","*"
"West Hartford School District","=""1550011""","Hall High School","=""1556211""","Eligible For Reduced Lunch",14,"*","*"
"West Hartford School District","=""1550011""","Hall High School","=""1556211""","Not Eligible For Lunch",348,341,98.0
"West Haven School District","=""1560011""","West Haven High School","=""1566111""","Eligible For Free Lunch",159,96,60.4
"West Haven School District","=""1560011""","West Haven High School","=""1566111""","Eligible For Reduced Lunch",40,30,75.0
"West Haven School District","=""1560011""","West Haven High School","=""1566111""","Not Eligible For Lunch",253,202,79.8
"Westbrook School District","=""1540011""","Westbrook High School","=""1546111""","Eligible For Free Lunch","*","*","*"
"Westbrook School District","=""1540011""","Westbrook High School","=""1546111""","Eligible For Reduced Lunch","*","*","*"
"Westbrook School District","=""1540011""","Westbrook High School","=""1546111""","Not Eligible For Lunch",71,"*","*"
"Weston School District","=""1570011""","Weston High School","=""1576111""","Eligible For Free Lunch","*","*","*"
"Weston School District","=""1570011""","Weston High School","=""1576111""","Not Eligible For Lunch","*","*","*"
"Westport School District","=""1580011""","Staples High School","=""1586111""","Eligible For Free Lunch","*","*","*"
"Westport School District","=""1580011""","Staples High School","=""1586111""","Eligible For Reduced Lunch","*","*","*"
"Westport School District","=""1580011""","Staples High School","=""1586111""","Not Eligible For Lunch",453,"*","*"
"Wethersfield School District","=""1590011""","Wethersfield High School","=""1596111""","Eligible For Free Lunch",28,"*","*"
"Wethersfield School District","=""1590011""","Wethersfield High School","=""1596111""","Eligible For Reduced Lunch",11,"*","*"
"Wethersfield School District","=""1590011""","Wethersfield High School","=""1596111""","Not Eligible For Lunch",261,248,95.0
"Wilton School District","=""1610011""","Wilton High School","=""1616111""","Eligible For Free Lunch","*","*","*"
"Wilton School District","=""1610011""","Wilton High School","=""1616111""","Not Eligible For Lunch","*","*","*"
"Windham School District","=""1630011""","Windham High School","=""1636111""","Eligible For Free Lunch",122,"*","*"
"Windham School District","=""1630011""","Windham High School","=""1636111""","Eligible For Reduced Lunch",12,"*","*"
"Windham School District","=""1630011""","Windham High School","=""1636111""","Not Eligible For Lunch",114,100,87.7
"Windsor Locks School District","=""1650011""","Windsor Locks High School","=""1656111""","Eligible For Free Lunch",19,12,"*"
"Windsor Locks School District","=""1650011""","Windsor Locks High School","=""1656111""","Eligible For Reduced Lunch",6,6,"*"
"Windsor Locks School District","=""1650011""","Windsor Locks High School","=""1656111""","Not Eligible For Lunch",107,100,93.5
"Windsor School District","=""1640011""","Windsor High School","=""1646111""","Eligible For Free Lunch",64,50,78.1
"Windsor School District","=""1640011""","Windsor High School","=""1646111""","Eligible For Reduced Lunch",31,28,90.3
"Windsor School District","=""1640011""","Windsor High School","=""1646111""","Not Eligible For Lunch",251,228,90.8
"Wolcott School District","=""1660011""","Wolcott High School","=""1666111""","Eligible For Free Lunch",20,"*","*"
"Wolcott School District","=""1660011""","Wolcott High School","=""1666111""","Eligible For Reduced Lunch",17,"*","*"
"Wolcott School District","=""1660011""","Wolcott High School","=""1666111""","Not Eligible For Lunch",187,180,96.3
"Woodstock Academy District","=""9030022""","Woodstock Academy","=""9036122""","Eligible For Free Lunch","*","*","*"
"Woodstock Academy District","=""9030022""","Woodstock Academy","=""9036122""","Eligible For Reduced Lunch","*","*","*"
"Woodstock Academy District","=""9030022""","Woodstock Academy","=""9036122""","Not Eligible For Lunch",287,272,94.8

