"CT School Day SAT, 2015-16"
"State of Connecticut, All Subjects, Free/Reduced Price Meal Elig"

"",,,,"Level 1Not Met",,"Level 2Approaching",,"Level 3Met",,"Level 4Exceeded",,"Level 3&4Met or Exceeded",,""
"District","Subject","Free/Reduced Price Meal Eligibility (2-level)","Total Numberwith Scored Tests","Count","%","Count","%","Count","%","Count","%","Count","%","AverageScore"
"State of Connecticut","ELA","N",25766,2362,9.2,3449,13.4,13895,53.9,6060,23.5,19955,77.4,550
"State of Connecticut","ELA","Y",12087,4323,35.8,3107,25.7,4190,34.7,467,3.9,4657,38.5,456
"State of Connecticut","Math","N",25754,3530,13.7,9163,35.6,9083,35.3,3978,15.4,13061,50.7,532
"State of Connecticut","Math","Y",12062,5225,43.3,5027,41.7,1581,13.1,229,1.9,1810,15.0,437

