"Four-Year Graduation Rates, 2013-14"
"All Districts, All Schools, Race/Ethnicity"

"",,,,"Graduates",
"District","School","Race/Ethnicity","Four-Year Cohort Count","Graduation Count","Graduation Rate"
"Amistad Academy District","Amistad Academy","Black",17,15,88.2
"Amistad Academy District","Amistad Academy","Hispanic","*","*","*"
"Amistad Academy District","Amistad Academy","Indian or Alaska Native","*","*","*"
"Ansonia School District","Ansonia High School","Black","*","*","*"
"Ansonia School District","Ansonia High School","Hispanic",43,34,79.1
"Ansonia School District","Ansonia High School","Two or More Races","*","*","*"
"Ansonia School District","Ansonia High School","White",71,60,84.5
"Avon School District","Avon High School","Black","*","*","*"
"Avon School District","Avon High School","Hispanic",9,9,100.0
"Avon School District","Avon High School","Two or More Races","*","*","*"
"Avon School District","Avon High School","White",235,231,98.3
"Avon School District","Avon High School","Asian",15,15,100.0
"Avon School District","Avon High School","Hawaiian or Pacific Islander","*","*","*"
"Berlin School District","Berlin High School","Black","*","*","*"
"Berlin School District","Berlin High School","Hispanic",17,16,94.1
"Berlin School District","Berlin High School","Two or More Races","*","*","*"
"Berlin School District","Berlin High School","White",201,193,96.0
"Berlin School District","Berlin High School","Asian",12,10,83.3
"Bethel School District","Bethel High School","Black","*","*","*"
"Bethel School District","Bethel High School","Hispanic",29,24,82.8
"Bethel School District","Bethel High School","Two or More Races","*","*","*"
"Bethel School District","Bethel High School","White",184,174,94.6
"Bethel School District","Bethel High School","Asian",22,21,95.5
"Bloomfield School District","Bloomfield High School","Black",120,110,91.7
"Bloomfield School District","Bloomfield High School","Hispanic",9,6,66.7
"Bloomfield School District","Bloomfield High School","Two or More Races","*","*","*"
"Bloomfield School District","Bloomfield High School","White","*","*","*"
"Bloomfield School District","Bloomfield High School","Asian","*","*","*"
"Bloomfield School District","Global Experience Magnet School","Black",20,20,100.0
"Bloomfield School District","Global Experience Magnet School","Hispanic","*","*","*"
"Bloomfield School District","Global Experience Magnet School","White","*","*","*"
"Bloomfield School District","Learning Academy at Bloomfield","Black",8,"*","*"
"Bolton School District","Bolton High School","Black","*","*","*"
"Bolton School District","Bolton High School","Hispanic","*","*","*"
"Bolton School District","Bolton High School","Two or More Races",6,"*","*"
"Bolton School District","Bolton High School","White",88,85,96.6
"Bolton School District","Bolton High School","Asian","*","*","*"
"Branford School District","Branford High School","Black",12,11,91.7
"Branford School District","Branford High School","Hispanic",22,17,77.3
"Branford School District","Branford High School","Two or More Races",6,6,100.0
"Branford School District","Branford High School","White",230,216,93.9
"Branford School District","Branford High School","Asian",22,21,95.5
"Bridgeport School District","Bassick High School","Black",157,99,63.1
"Bridgeport School District","Bassick High School","Hispanic",156,94,60.3
"Bridgeport School District","Bassick High School","Two or More Races","*","*","*"
"Bridgeport School District","Bassick High School","White",12,8,66.7
"Bridgeport School District","Bassick High School","Asian",18,12,66.7
"Bridgeport School District","Central High School","Black",241,204,84.6
"Bridgeport School District","Central High School","Hispanic",230,176,76.5
"Bridgeport School District","Central High School","Indian or Alaska Native","*","*","*"
"Bridgeport School District","Central High School","Two or More Races","*","*","*"
"Bridgeport School District","Central High School","White",68,52,76.5
"Bridgeport School District","Central High School","Asian",14,14,100.0
"Bridgeport School District","Central High School","Hawaiian or Pacific Islander","*","*","*"
"Bridgeport School District","Harding High School","Black",141,103,73.0
"Bridgeport School District","Harding High School","Hispanic",148,101,68.2
"Bridgeport School District","Harding High School","Indian or Alaska Native","*","*","*"
"Bridgeport School District","Harding High School","White",12,"*","*"
"Bridgeport School District","Harding High School","Asian","*","*","*"
"Bristol School District","Bristol Central High School","Black",20,12,60.0
"Bristol School District","Bristol Central High School","Hispanic",57,43,75.4
"Bristol School District","Bristol Central High School","Indian or Alaska Native","*","*","*"
"Bristol School District","Bristol Central High School","Two or More Races",11,9,81.8
"Bristol School District","Bristol Central High School","White",235,203,86.4
"Bristol School District","Bristol Central High School","Asian",6,6,100.0
"Bristol School District","Bristol Eastern High School","Black",29,23,79.3
"Bristol School District","Bristol Eastern High School","Hispanic",45,29,64.4
"Bristol School District","Bristol Eastern High School","Two or More Races","*","*","*"
"Bristol School District","Bristol Eastern High School","White",258,227,88.0
"Bristol School District","Bristol Eastern High School","Asian",14,13,92.9
"Brookfield School District","Brookfield High School","Black",6,6,100.0
"Brookfield School District","Brookfield High School","Hispanic",6,"*","*"
"Brookfield School District","Brookfield High School","White",213,208,97.7
"Brookfield School District","Brookfield High School","Asian",6,"*","*"
"Canton School District","Canton High School","Black","*","*","*"
"Canton School District","Canton High School","Hispanic","*","*","*"
"Canton School District","Canton High School","Two or More Races","*","*","*"
"Canton School District","Canton High School","White",127,121,95.3
"Canton School District","Canton High School","Asian","*","*","*"
"Capitol Region Education Council","Academy of Aerospace and Engineering","Black",10,8,80.0
"Capitol Region Education Council","Academy of Aerospace and Engineering","Hispanic",11,8,72.7
"Capitol Region Education Council","Academy of Aerospace and Engineering","White",6,6,100.0
"Capitol Region Education Council","Academy of Aerospace and Engineering","Asian",6,6,100.0
"Capitol Region Education Council","Greater Hartford Academy of  the Arts High School - Full Time","Black",21,17,81.0
"Capitol Region Education Council","Greater Hartford Academy of  the Arts High School - Full Time","Hispanic",28,24,85.7
"Capitol Region Education Council","Greater Hartford Academy of  the Arts High School - Full Time","Indian or Alaska Native","*","*","*"
"Capitol Region Education Council","Greater Hartford Academy of  the Arts High School - Full Time","Two or More Races","*","*","*"
"Capitol Region Education Council","Greater Hartford Academy of  the Arts High School - Full Time","White",41,35,85.4
"Capitol Region Education Council","Medical Professions and Teacher Preparation Academy","Black",23,22,95.7
"Capitol Region Education Council","Medical Professions and Teacher Preparation Academy","Hispanic",10,8,80.0
"Capitol Region Education Council","Medical Professions and Teacher Preparation Academy","Two or More Races","*","*","*"
"Capitol Region Education Council","Medical Professions and Teacher Preparation Academy","White",9,9,100.0
"Capitol Region Education Council","Medical Professions and Teacher Preparation Academy","Asian","*","*","*"
"Capitol Region Education Council","Metropolitan Learning Center for Global and International Studies","Black",58,56,96.6
"Capitol Region Education Council","Metropolitan Learning Center for Global and International Studies","Hispanic",11,11,100.0
"Capitol Region Education Council","Metropolitan Learning Center for Global and International Studies","Indian or Alaska Native","*","*","*"
"Capitol Region Education Council","Metropolitan Learning Center for Global and International Studies","Two or More Races","*","*","*"
"Capitol Region Education Council","Metropolitan Learning Center for Global and International Studies","White",20,20,100.0
"Capitol Region Education Council","Metropolitan Learning Center for Global and International Studies","Asian","*","*","*"
"Capitol Region Education Council","Public Safety Academy","Black",16,15,93.8
"Capitol Region Education Council","Public Safety Academy","Hispanic",14,9,64.3
"Capitol Region Education Council","Public Safety Academy","Indian or Alaska Native","*","*","*"
"Capitol Region Education Council","Public Safety Academy","White",14,13,92.9
"Cheshire School District","Cheshire High School","Black",6,6,100.0
"Cheshire School District","Cheshire High School","Hispanic",12,12,100.0
"Cheshire School District","Cheshire High School","White",317,311,98.1
"Cheshire School District","Cheshire High School","Asian",31,31,100.0
"Clinton School District","The Morgan School","Black","*","*","*"
"Clinton School District","The Morgan School","Hispanic",10,9,90.0
"Clinton School District","The Morgan School","Indian or Alaska Native","*","*","*"
"Clinton School District","The Morgan School","Two or More Races","*","*","*"
"Clinton School District","The Morgan School","White",107,103,96.3
"Clinton School District","The Morgan School","Asian","*","*","*"
"Clinton School District","The Morgan School","Hawaiian or Pacific Islander","*","*","*"
"Colchester School District","Bacon Academy","Black",10,10,100.0
"Colchester School District","Bacon Academy","Hispanic",12,12,100.0
"Colchester School District","Bacon Academy","Indian or Alaska Native","*","*","*"
"Colchester School District","Bacon Academy","Two or More Races","*","*","*"
"Colchester School District","Bacon Academy","White",217,207,95.4
"Colchester School District","Bacon Academy","Asian",6,"*","*"
"Common Ground High School District","Common Ground High School","Black",9,9,100.0
"Common Ground High School District","Common Ground High School","Hispanic",13,12,92.3
"Common Ground High School District","Common Ground High School","Two or More Races","*","*","*"
"Common Ground High School District","Common Ground High School","White","*","*","*"
"Connecticut Technical High School System","A. I. Prince Technical High School","Black",69,66,95.7
"Connecticut Technical High School System","A. I. Prince Technical High School","Hispanic",101,96,95.0
"Connecticut Technical High School System","A. I. Prince Technical High School","White",12,12,100.0
"Connecticut Technical High School System","A. I. Prince Technical High School","Asian","*","*","*"
"Connecticut Technical High School System","Bullard-Havens Technical High School","Black",71,70,98.6
"Connecticut Technical High School System","Bullard-Havens Technical High School","Hispanic",103,90,87.4
"Connecticut Technical High School System","Bullard-Havens Technical High School","White",10,9,90.0
"Connecticut Technical High School System","Bullard-Havens Technical High School","Asian","*","*","*"
"Connecticut Technical High School System","E. C. Goodwin Technical High School","Black",22,20,90.9
"Connecticut Technical High School System","E. C. Goodwin Technical High School","Hispanic",78,78,100.0
"Connecticut Technical High School System","E. C. Goodwin Technical High School","Indian or Alaska Native","*","*","*"
"Connecticut Technical High School System","E. C. Goodwin Technical High School","Two or More Races","*","*","*"
"Connecticut Technical High School System","E. C. Goodwin Technical High School","White",36,33,91.7
"Connecticut Technical High School System","Eli Whitney Technical High School","Black",49,47,95.9
"Connecticut Technical High School System","Eli Whitney Technical High School","Hispanic",55,48,87.3
"Connecticut Technical High School System","Eli Whitney Technical High School","White",6,6,100.0
"Connecticut Technical High School System","Eli Whitney Technical High School","Asian","*","*","*"
"Connecticut Technical High School System","Ella T. Grasso Southeastern Technical High School","Black",10,9,90.0
"Connecticut Technical High School System","Ella T. Grasso Southeastern Technical High School","Hispanic",45,41,91.1
"Connecticut Technical High School System","Ella T. Grasso Southeastern Technical High School","Indian or Alaska Native","*","*","*"
"Connecticut Technical High School System","Ella T. Grasso Southeastern Technical High School","Two or More Races","*","*","*"
"Connecticut Technical High School System","Ella T. Grasso Southeastern Technical High School","White",67,65,97.0
"Connecticut Technical High School System","Ella T. Grasso Southeastern Technical High School","Asian","*","*","*"
"Connecticut Technical High School System","Ella T. Grasso Southeastern Technical High School","Hawaiian or Pacific Islander","*","*","*"
"Connecticut Technical High School System","Emmett O'Brien Technical High School","Black",10,9,90.0
"Connecticut Technical High School System","Emmett O'Brien Technical High School","Hispanic",19,18,94.7
"Connecticut Technical High School System","Emmett O'Brien Technical High School","White",95,92,96.8
"Connecticut Technical High School System","Emmett O'Brien Technical High School","Asian","*","*","*"
"Connecticut Technical High School System","H. C. Wilcox Technical High School","Black",7,7,100.0
"Connecticut Technical High School System","H. C. Wilcox Technical High School","Hispanic",47,44,93.6
"Connecticut Technical High School System","H. C. Wilcox Technical High School","Two or More Races","*","*","*"
"Connecticut Technical High School System","H. C. Wilcox Technical High School","White",121,118,97.5
"Connecticut Technical High School System","H. C. Wilcox Technical High School","Asian","*","*","*"
"Connecticut Technical High School System","H. H. Ellis Technical High School","Black","*","*","*"
"Connecticut Technical High School System","H. H. Ellis Technical High School","Hispanic","*","*","*"
"Connecticut Technical High School System","H. H. Ellis Technical High School","Indian or Alaska Native","*","*","*"
"Connecticut Technical High School System","H. H. Ellis Technical High School","Two or More Races","*","*","*"
"Connecticut Technical High School System","H. H. Ellis Technical High School","White",102,98,96.1
"Connecticut Technical High School System","H. H. Ellis Technical High School","Asian","*","*","*"
"Connecticut Technical High School System","Henry Abbott Technical High School","Black",8,8,100.0
"Connecticut Technical High School System","Henry Abbott Technical High School","Hispanic",58,56,96.6
"Connecticut Technical High School System","Henry Abbott Technical High School","Indian or Alaska Native","*","*","*"
"Connecticut Technical High School System","Henry Abbott Technical High School","White",72,68,94.4
"Connecticut Technical High School System","Henry Abbott Technical High School","Asian","*","*","*"
"Connecticut Technical High School System","Howell Cheney Technical High School","Black",29,28,96.6
"Connecticut Technical High School System","Howell Cheney Technical High School","Hispanic",39,39,100.0
"Connecticut Technical High School System","Howell Cheney Technical High School","Indian or Alaska Native","*","*","*"
"Connecticut Technical High School System","Howell Cheney Technical High School","Two or More Races",6,6,100.0
"Connecticut Technical High School System","Howell Cheney Technical High School","White",76,76,100.0
"Connecticut Technical High School System","Howell Cheney Technical High School","Asian","*","*","*"
"Connecticut Technical High School System","Norwich Technical High School","Black","*","*","*"
"Connecticut Technical High School System","Norwich Technical High School","Hispanic",18,17,94.4
"Connecticut Technical High School System","Norwich Technical High School","Indian or Alaska Native","*","*","*"
"Connecticut Technical High School System","Norwich Technical High School","Two or More Races",12,12,100.0
"Connecticut Technical High School System","Norwich Technical High School","White",118,115,97.5
"Connecticut Technical High School System","Norwich Technical High School","Asian","*","*","*"
"Connecticut Technical High School System","Oliver Wolcott Technical High School","Black","*","*","*"
"Connecticut Technical High School System","Oliver Wolcott Technical High School","Hispanic",9,9,100.0
"Connecticut Technical High School System","Oliver Wolcott Technical High School","Two or More Races","*","*","*"
"Connecticut Technical High School System","Oliver Wolcott Technical High School","White",130,125,96.2
"Connecticut Technical High School System","Oliver Wolcott Technical High School","Asian","*","*","*"
"Connecticut Technical High School System","Platt Technical High School","Black",33,32,97.0
"Connecticut Technical High School System","Platt Technical High School","Hispanic",56,54,96.4
"Connecticut Technical High School System","Platt Technical High School","Indian or Alaska Native","*","*","*"
"Connecticut Technical High School System","Platt Technical High School","Two or More Races","*","*","*"
"Connecticut Technical High School System","Platt Technical High School","White",114,113,99.1
"Connecticut Technical High School System","Platt Technical High School","Asian","*","*","*"
"Connecticut Technical High School System","Vinal Technical High School","Black",18,18,100.0
"Connecticut Technical High School System","Vinal Technical High School","Hispanic",12,11,91.7
"Connecticut Technical High School System","Vinal Technical High School","White",111,104,93.7
"Connecticut Technical High School System","W. F. Kaynor Technical High School","Black",26,25,96.2
"Connecticut Technical High School System","W. F. Kaynor Technical High School","Hispanic",45,45,100.0
"Connecticut Technical High School System","W. F. Kaynor Technical High School","Indian or Alaska Native","*","*","*"
"Connecticut Technical High School System","W. F. Kaynor Technical High School","Two or More Races","*","*","*"
"Connecticut Technical High School System","W. F. Kaynor Technical High School","White",106,104,98.1
"Connecticut Technical High School System","W. F. Kaynor Technical High School","Asian","*","*","*"
"Connecticut Technical High School System","Windham Technical High School","Black","*","*","*"
"Connecticut Technical High School System","Windham Technical High School","Hispanic",28,26,92.9
"Connecticut Technical High School System","Windham Technical High School","Indian or Alaska Native","*","*","*"
"Connecticut Technical High School System","Windham Technical High School","Two or More Races","*","*","*"
"Connecticut Technical High School System","Windham Technical High School","White",95,95,100.0
"Connecticut Technical High School System","Windham Technical High School","Asian","*","*","*"
"Connecticut Technical High School System","Windham Technical High School","Hawaiian or Pacific Islander","*","*","*"
"Coventry School District","Coventry High School","Black","*","*","*"
"Coventry School District","Coventry High School","Hispanic",6,"*","*"
"Coventry School District","Coventry High School","Two or More Races","*","*","*"
"Coventry School District","Coventry High School","White",120,119,99.2
"Coventry School District","Coventry High School","Asian","*","*","*"
"Cromwell School District","Cromwell High School","Black",11,10,90.9
"Cromwell School District","Cromwell High School","Hispanic",11,11,100.0
"Cromwell School District","Cromwell High School","Two or More Races","*","*","*"
"Cromwell School District","Cromwell High School","White",105,97,92.4
"Cromwell School District","Cromwell High School","Asian","*","*","*"
"Danbury School District","Danbury High School","Black",78,62,79.5
"Danbury School District","Danbury High School","Hispanic",238,173,72.7
"Danbury School District","Danbury High School","Two or More Races",7,6,85.7
"Danbury School District","Danbury High School","White",316,283,89.6
"Danbury School District","Danbury High School","Asian",72,62,86.1
"Darien School District","Darien High School","Black","*","*","*"
"Darien School District","Darien High School","Hispanic",17,16,94.1
"Darien School District","Darien High School","White",302,297,98.3
"Darien School District","Darien High School","Asian","*","*","*"
"Derby School District","Derby High School","Black",21,15,71.4
"Derby School District","Derby High School","Hispanic",22,16,72.7
"Derby School District","Derby High School","Two or More Races","*","*","*"
"Derby School District","Derby High School","White",55,48,87.3
"Derby School District","Derby High School","Asian","*","*","*"
"East Granby School District","East Granby High School","Black","*","*","*"
"East Granby School District","East Granby High School","Hispanic","*","*","*"
"East Granby School District","East Granby High School","Two or More Races","*","*","*"
"East Granby School District","East Granby High School","White",53,52,98.1
"East Granby School District","East Granby High School","Asian","*","*","*"
"East Haddam School District","Nathan Hale-Ray High School","Black","*","*","*"
"East Haddam School District","Nathan Hale-Ray High School","Hispanic","*","*","*"
"East Haddam School District","Nathan Hale-Ray High School","White",93,89,95.7
"East Haddam School District","Nathan Hale-Ray High School","Asian","*","*","*"
"East Hampton School District","East Hampton High School","Black","*","*","*"
"East Hampton School District","East Hampton High School","Hispanic","*","*","*"
"East Hampton School District","East Hampton High School","Two or More Races","*","*","*"
"East Hampton School District","East Hampton High School","White",111,108,97.3
"East Hampton School District","East Hampton High School","Asian","*","*","*"
"East Hartford School District","Connecticut IB Academy","Black",15,15,100.0
"East Hartford School District","Connecticut IB Academy","Hispanic",8,7,87.5
"East Hartford School District","Connecticut IB Academy","White",19,19,100.0
"East Hartford School District","Connecticut IB Academy","Asian","*","*","*"
"East Hartford School District","East Hartford High School","Black",113,100,88.5
"East Hartford School District","East Hartford High School","Hispanic",152,123,80.9
"East Hartford School District","East Hartford High School","Indian or Alaska Native","*","*","*"
"East Hartford School District","East Hartford High School","White",65,59,90.8
"East Hartford School District","East Hartford High School","Asian",20,20,100.0
"East Hartford School District","Stevens Alternate High school","Black",27,10,37.0
"East Hartford School District","Stevens Alternate High school","Hispanic",43,18,41.9
"East Hartford School District","Stevens Alternate High school","Indian or Alaska Native","*","*","*"
"East Hartford School District","Stevens Alternate High school","White",12,"*","*"
"East Haven School District","East Haven High School","Black","*","*","*"
"East Haven School District","East Haven High School","Hispanic",46,35,76.1
"East Haven School District","East Haven High School","Two or More Races","*","*","*"
"East Haven School District","East Haven High School","White",182,154,84.6
"East Haven School District","East Haven High School","Asian",11,10,90.9
"East Lyme School District","East Lyme High School","Black","*","*","*"
"East Lyme School District","East Lyme High School","Hispanic",8,7,87.5
"East Lyme School District","East Lyme High School","Indian or Alaska Native","*","*","*"
"East Lyme School District","East Lyme High School","Two or More Races",6,6,100.0
"East Lyme School District","East Lyme High School","White",215,211,98.1
"East Lyme School District","East Lyme High School","Asian",25,24,96.0
"East Windsor School District","East Windsor High School","Black",16,12,75.0
"East Windsor School District","East Windsor High School","Hispanic","*","*","*"
"East Windsor School District","East Windsor High School","Two or More Races","*","*","*"
"East Windsor School District","East Windsor High School","White",84,77,91.7
"East Windsor School District","East Windsor High School","Asian","*","*","*"
"Eastern Connecticut Regional Educational Service Center (EASTCONN)","Arts at the Capitol Theater Magnet School (ACT)","Black","*","*","*"
"Eastern Connecticut Regional Educational Service Center (EASTCONN)","Arts at the Capitol Theater Magnet School (ACT)","Hispanic",9,8,88.9
"Eastern Connecticut Regional Educational Service Center (EASTCONN)","Arts at the Capitol Theater Magnet School (ACT)","Indian or Alaska Native","*","*","*"
"Eastern Connecticut Regional Educational Service Center (EASTCONN)","Arts at the Capitol Theater Magnet School (ACT)","Two or More Races","*","*","*"
"Eastern Connecticut Regional Educational Service Center (EASTCONN)","Arts at the Capitol Theater Magnet School (ACT)","White",21,19,90.5
"Eastern Connecticut Regional Educational Service Center (EASTCONN)","Quinebaug Middle College","Black","*","*","*"
"Eastern Connecticut Regional Educational Service Center (EASTCONN)","Quinebaug Middle College","Hispanic",6,"*","*"
"Eastern Connecticut Regional Educational Service Center (EASTCONN)","Quinebaug Middle College","Indian or Alaska Native","*","*","*"
"Eastern Connecticut Regional Educational Service Center (EASTCONN)","Quinebaug Middle College","Two or More Races","*","*","*"
"Eastern Connecticut Regional Educational Service Center (EASTCONN)","Quinebaug Middle College","White",23,13,56.5
"Ellington School District","Ellington High School","Black",7,7,100.0
"Ellington School District","Ellington High School","Hispanic",6,6,100.0
"Ellington School District","Ellington High School","Two or More Races","*","*","*"
"Ellington School District","Ellington High School","White",171,164,95.9
"Ellington School District","Ellington High School","Asian","*","*","*"
"Elm City College Preparatory School District","Elm City College Preparatory School","Black","*","*","*"
"Elm City College Preparatory School District","Elm City College Preparatory School","Hispanic","*","*","*"
"Enfield School District","Enfield High School","Black",12,8,66.7
"Enfield School District","Enfield High School","Hispanic",17,14,82.4
"Enfield School District","Enfield High School","Two or More Races","*","*","*"
"Enfield School District","Enfield High School","White",155,130,83.9
"Enfield School District","Enfield High School","Asian","*","*","*"
"Enfield School District","Enrico Fermi High School","Black",10,10,100.0
"Enfield School District","Enrico Fermi High School","Hispanic",12,11,91.7
"Enfield School District","Enrico Fermi High School","Two or More Races","*","*","*"
"Enfield School District","Enrico Fermi High School","White",204,182,89.2
"Enfield School District","Enrico Fermi High School","Asian","*","*","*"
"Explorations District","Explorations","Hispanic","*","*","*"
"Explorations District","Explorations","White","*","*","*"
"Fairfield School District","Fairfield Ludlowe High School","Black",9,6,66.7
"Fairfield School District","Fairfield Ludlowe High School","Hispanic",18,17,94.4
"Fairfield School District","Fairfield Ludlowe High School","Indian or Alaska Native","*","*","*"
"Fairfield School District","Fairfield Ludlowe High School","Two or More Races",7,6,85.7
"Fairfield School District","Fairfield Ludlowe High School","White",311,295,94.9
"Fairfield School District","Fairfield Ludlowe High School","Asian",19,19,100.0
"Fairfield School District","Fairfield Ludlowe High School","Hawaiian or Pacific Islander","*","*","*"
"Fairfield School District","Fairfield Warde High School","Black",14,13,92.9
"Fairfield School District","Fairfield Warde High School","Hispanic",39,36,92.3
"Fairfield School District","Fairfield Warde High School","Two or More Races",13,12,92.3
"Fairfield School District","Fairfield Warde High School","White",269,255,94.8
"Fairfield School District","Fairfield Warde High School","Asian",21,20,95.2
"Farmington School District","Farmington High School","Black",15,14,93.3
"Farmington School District","Farmington High School","Hispanic",24,20,83.3
"Farmington School District","Farmington High School","White",260,254,97.7
"Farmington School District","Farmington High School","Asian",39,38,97.4
"Glastonbury School District","Glastonbury High School","Black",18,17,94.4
"Glastonbury School District","Glastonbury High School","Hispanic",45,43,95.6
"Glastonbury School District","Glastonbury High School","Indian or Alaska Native","*","*","*"
"Glastonbury School District","Glastonbury High School","Two or More Races","*","*","*"
"Glastonbury School District","Glastonbury High School","White",440,436,99.1
"Glastonbury School District","Glastonbury High School","Asian",50,50,100.0
"Granby School District","Granby Memorial High School","Black","*","*","*"
"Granby School District","Granby Memorial High School","Hispanic",8,7,87.5
"Granby School District","Granby Memorial High School","Two or More Races","*","*","*"
"Granby School District","Granby Memorial High School","White",183,178,97.3
"Granby School District","Granby Memorial High School","Asian","*","*","*"
"Greenwich School District","Greenwich High School","Black",19,17,89.5
"Greenwich School District","Greenwich High School","Hispanic",127,118,92.9
"Greenwich School District","Greenwich High School","Indian or Alaska Native","*","*","*"
"Greenwich School District","Greenwich High School","Two or More Races",14,14,100.0
"Greenwich School District","Greenwich High School","White",453,445,98.2
"Greenwich School District","Greenwich High School","Asian",41,40,97.6
"Greenwich School District","Greenwich High School","Hawaiian or Pacific Islander","*","*","*"
"Griswold School District","Griswold High School","Black","*","*","*"
"Griswold School District","Griswold High School","Hispanic",6,"*","*"
"Griswold School District","Griswold High School","Indian or Alaska Native","*","*","*"
"Griswold School District","Griswold High School","Two or More Races","*","*","*"
"Griswold School District","Griswold High School","White",152,131,86.2
"Groton School District","Robert E. Fitch High School","Black",44,39,88.6
"Groton School District","Robert E. Fitch High School","Hispanic",52,37,71.2
"Groton School District","Robert E. Fitch High School","Indian or Alaska Native","*","*","*"
"Groton School District","Robert E. Fitch High School","Two or More Races",9,7,77.8
"Groton School District","Robert E. Fitch High School","White",177,157,88.7
"Groton School District","Robert E. Fitch High School","Asian",24,23,95.8
"Groton School District","Robert E. Fitch High School","Hawaiian or Pacific Islander","*","*","*"
"Guilford School District","Guilford High School","Black","*","*","*"
"Guilford School District","Guilford High School","Hispanic",12,12,100.0
"Guilford School District","Guilford High School","Indian or Alaska Native","*","*","*"
"Guilford School District","Guilford High School","Two or More Races","*","*","*"
"Guilford School District","Guilford High School","White",257,239,93.0
"Guilford School District","Guilford High School","Asian",8,8,100.0
"Hamden School District","Hamden High School","Black",158,138,87.3
"Hamden School District","Hamden High School","Hispanic",64,57,89.1
"Hamden School District","Hamden High School","Indian or Alaska Native","*","*","*"
"Hamden School District","Hamden High School","Two or More Races","*","*","*"
"Hamden School District","Hamden High School","White",187,179,95.7
"Hamden School District","Hamden High School","Asian",27,26,96.3
"Hartford School District","Bulkeley High School Upper School","Black",41,29,70.7
"Hartford School District","Bulkeley High School Upper School","Hispanic",125,90,72.0
"Hartford School District","Bulkeley High School Upper School","Indian or Alaska Native","*","*","*"
"Hartford School District","Bulkeley High School Upper School","Two or More Races",21,17,81.0
"Hartford School District","Bulkeley High School Upper School","White",8,7,87.5
"Hartford School District","Bulkeley High School Upper School","Asian","*","*","*"
"Hartford School District","Bulkeley High School Upper School","Hawaiian or Pacific Islander","*","*","*"
"Hartford School District","Capital Preparatory Magnet School","Black",26,25,96.2
"Hartford School District","Capital Preparatory Magnet School","Hispanic",16,16,100.0
"Hartford School District","Capital Preparatory Magnet School","Two or More Races","*","*","*"
"Hartford School District","Capital Preparatory Magnet School","White",6,6,100.0
"Hartford School District","Capital Preparatory Magnet School","Asian","*","*","*"
"Hartford School District","Classical Magnet School","Black",36,33,91.7
"Hartford School District","Classical Magnet School","Hispanic",23,22,95.7
"Hartford School District","Classical Magnet School","Two or More Races",6,6,100.0
"Hartford School District","Classical Magnet School","White",16,16,100.0
"Hartford School District","Classical Magnet School","Asian","*","*","*"
"Hartford School District","Culinary Arts Academy","Black",52,38,73.1
"Hartford School District","Culinary Arts Academy","Hispanic",37,16,43.2
"Hartford School District","Culinary Arts Academy","Two or More Races",6,"*","*"
"Hartford School District","Culinary Arts Academy","White","*","*","*"
"Hartford School District","Culinary Arts Academy","Hawaiian or Pacific Islander","*","*","*"
"Hartford School District","Great Path Academy High School at MCC","Black",27,26,96.3
"Hartford School District","Great Path Academy High School at MCC","Hispanic",14,12,85.7
"Hartford School District","Great Path Academy High School at MCC","Indian or Alaska Native","*","*","*"
"Hartford School District","Great Path Academy High School at MCC","Two or More Races","*","*","*"
"Hartford School District","Great Path Academy High School at MCC","White",6,"*","*"
"Hartford School District","Great Path Academy High School at MCC","Asian","*","*","*"
"Hartford School District","HPHS Academy of Engineering and Green Technology","Black",27,18,66.7
"Hartford School District","HPHS Academy of Engineering and Green Technology","Hispanic",41,24,58.5
"Hartford School District","HPHS Academy of Engineering and Green Technology","Two or More Races",11,"*","*"
"Hartford School District","HPHS Academy of Engineering and Green Technology","Asian",7,6,85.7
"Hartford School District","HPHS Academy of Nursing and Health Science","Black",43,32,74.4
"Hartford School District","HPHS Academy of Nursing and Health Science","Hispanic",67,41,61.2
"Hartford School District","HPHS Academy of Nursing and Health Science","Indian or Alaska Native","*","*","*"
"Hartford School District","HPHS Academy of Nursing and Health Science","Two or More Races",12,7,58.3
"Hartford School District","HPHS Academy of Nursing and Health Science","White",6,"*","*"
"Hartford School District","HPHS Academy of Nursing and Health Science","Asian","*","*","*"
"Hartford School District","HPHS Law and Government Academy","Black",36,30,83.3
"Hartford School District","HPHS Law and Government Academy","Hispanic",65,43,66.2
"Hartford School District","HPHS Law and Government Academy","Two or More Races",12,8,66.7
"Hartford School District","HPHS Law and Government Academy","White","*","*","*"
"Hartford School District","HPHS Law and Government Academy","Asian",7,"*","*"
"Hartford School District","High School Inc.","Black",30,20,66.7
"Hartford School District","High School Inc.","Hispanic",22,10,45.5
"Hartford School District","High School Inc.","Two or More Races",19,14,73.7
"Hartford School District","High School Inc.","White","*","*","*"
"Hartford School District","High School Inc.","Asian","*","*","*"
"Hartford School District","Journalism and Media Academy Magnet School","Black",42,35,83.3
"Hartford School District","Journalism and Media Academy Magnet School","Hispanic",14,8,57.1
"Hartford School District","Journalism and Media Academy Magnet School","Two or More Races",6,"*","*"
"Hartford School District","Journalism and Media Academy Magnet School","White","*","*","*"
"Hartford School District","Journalism and Media Academy Magnet School","Asian",7,6,85.7
"Hartford School District","OPPortunity High School","Black",24,"*","*"
"Hartford School District","OPPortunity High School","Hispanic",38,17,44.7
"Hartford School District","OPPortunity High School","White","*","*","*"
"Hartford School District","Pathways Academy of Technology and Design","Black",30,26,86.7
"Hartford School District","Pathways Academy of Technology and Design","Hispanic",20,18,90.0
"Hartford School District","Pathways Academy of Technology and Design","Two or More Races","*","*","*"
"Hartford School District","Pathways Academy of Technology and Design","White",18,17,94.4
"Hartford School District","Pathways Academy of Technology and Design","Asian","*","*","*"
"Hartford School District","Sports and Medical Sciences Academy","Black",23,20,87.0
"Hartford School District","Sports and Medical Sciences Academy","Hispanic",43,39,90.7
"Hartford School District","Sports and Medical Sciences Academy","Two or More Races",7,7,100.0
"Hartford School District","Sports and Medical Sciences Academy","White",29,27,93.1
"Hartford School District","Sports and Medical Sciences Academy","Asian","*","*","*"
"Hartford School District","University High of Science and Engineering","Black",33,28,84.8
"Hartford School District","University High of Science and Engineering","Hispanic",14,14,100.0
"Hartford School District","University High of Science and Engineering","Two or More Races","*","*","*"
"Hartford School District","University High of Science and Engineering","White",24,23,95.8
"Hartford School District","University High of Science and Engineering","Asian",6,6,100.0
"Killingly School District","Killingly High School","Black",7,"*","*"
"Killingly School District","Killingly High School","Hispanic","*","*","*"
"Killingly School District","Killingly High School","Indian or Alaska Native","*","*","*"
"Killingly School District","Killingly High School","Two or More Races",9,8,88.9
"Killingly School District","Killingly High School","White",172,149,86.6
"Killingly School District","Killingly High School","Asian",8,7,87.5
"Learn","Connecticut River Academy","Black",37,36,97.3
"Learn","Connecticut River Academy","Hispanic",28,22,78.6
"Learn","Connecticut River Academy","Two or More Races","*","*","*"
"Learn","Connecticut River Academy","White",30,30,100.0
"Learn","Connecticut River Academy","Asian","*","*","*"
"Learn","Marine Science Magnet High School of Southeastern Connecticut","Hispanic","*","*","*"
"Learn","Marine Science Magnet High School of Southeastern Connecticut","Two or More Races","*","*","*"
"Learn","Marine Science Magnet High School of Southeastern Connecticut","White",18,18,100.0
"Learn","Three Rivers Middle College Magnet School","Black","*","*","*"
"Learn","Three Rivers Middle College Magnet School","Hispanic",6,6,100.0
"Learn","Three Rivers Middle College Magnet School","Two or More Races","*","*","*"
"Learn","Three Rivers Middle College Magnet School","White",17,16,94.1
"Lebanon School District","Lyman Memorial High School","Hispanic","*","*","*"
"Lebanon School District","Lyman Memorial High School","Indian or Alaska Native","*","*","*"
"Lebanon School District","Lyman Memorial High School","White",96,90,93.8
"Lebanon School District","Lyman Memorial High School","Asian","*","*","*"
"Ledyard School District","Ledyard High School","Black",14,14,100.0
"Ledyard School District","Ledyard High School","Hispanic",18,17,94.4
"Ledyard School District","Ledyard High School","Indian or Alaska Native","*","*","*"
"Ledyard School District","Ledyard High School","Two or More Races","*","*","*"
"Ledyard School District","Ledyard High School","White",180,169,93.9
"Ledyard School District","Ledyard High School","Asian",14,13,92.9
"Litchfield School District","Litchfield High School","Hispanic","*","*","*"
"Litchfield School District","Litchfield High School","White",64,61,95.3
"Litchfield School District","Litchfield High School","Asian","*","*","*"
"Madison School District","Daniel Hand High School","Black","*","*","*"
"Madison School District","Daniel Hand High School","Hispanic",9,9,100.0
"Madison School District","Daniel Hand High School","Two or More Races","*","*","*"
"Madison School District","Daniel Hand High School","White",289,282,97.6
"Madison School District","Daniel Hand High School","Asian",9,8,88.9
"Manchester School District","Manchester High School","Black",93,75,80.6
"Manchester School District","Manchester High School","Hispanic",64,51,79.7
"Manchester School District","Manchester High School","Indian or Alaska Native","*","*","*"
"Manchester School District","Manchester High School","Two or More Races","*","*","*"
"Manchester School District","Manchester High School","White",217,198,91.2
"Manchester School District","Manchester High School","Asian",28,26,92.9
"Meriden School District","Francis T. Maloney High School","Black",50,36,72.0
"Meriden School District","Francis T. Maloney High School","Hispanic",130,84,64.6
"Meriden School District","Francis T. Maloney High School","Two or More Races","*","*","*"
"Meriden School District","Francis T. Maloney High School","White",122,102,83.6
"Meriden School District","Francis T. Maloney High School","Asian",7,7,100.0
"Meriden School District","Orville H. Platt High School","Black",45,36,80.0
"Meriden School District","Orville H. Platt High School","Hispanic",134,98,73.1
"Meriden School District","Orville H. Platt High School","Two or More Races",6,6,100.0
"Meriden School District","Orville H. Platt High School","White",98,88,89.8
"Meriden School District","Orville H. Platt High School","Asian",8,7,87.5
"Meriden School District","Orville H. Platt High School","Hawaiian or Pacific Islander","*","*","*"
"Middletown School District","Middletown High School","Black",63,56,88.9
"Middletown School District","Middletown High School","Hispanic",42,32,76.2
"Middletown School District","Middletown High School","Two or More Races",6,"*","*"
"Middletown School District","Middletown High School","White",180,168,93.3
"Middletown School District","Middletown High School","Asian",14,"*","*"
"Milford School District","Jonathan Law High School","Black",13,11,84.6
"Milford School District","Jonathan Law High School","Hispanic",18,15,83.3
"Milford School District","Jonathan Law High School","Two or More Races","*","*","*"
"Milford School District","Jonathan Law High School","White",217,195,89.9
"Milford School District","Jonathan Law High School","Asian",13,13,100.0
"Milford School District","Joseph A. Foran High School","Black",6,6,100.0
"Milford School District","Joseph A. Foran High School","Hispanic",11,10,90.9
"Milford School District","Joseph A. Foran High School","Indian or Alaska Native","*","*","*"
"Milford School District","Joseph A. Foran High School","Two or More Races","*","*","*"
"Milford School District","Joseph A. Foran High School","White",210,204,97.1
"Milford School District","Joseph A. Foran High School","Asian",11,11,100.0
"Monroe School District","Masuk High School","Black","*","*","*"
"Monroe School District","Masuk High School","Hispanic",16,16,100.0
"Monroe School District","Masuk High School","Indian or Alaska Native","*","*","*"
"Monroe School District","Masuk High School","White",265,259,97.7
"Monroe School District","Masuk High School","Asian",9,9,100.0
"Montville School District","Montville High School","Black","*","*","*"
"Montville School District","Montville High School","Hispanic",11,10,90.9
"Montville School District","Montville High School","Indian or Alaska Native","*","*","*"
"Montville School District","Montville High School","Two or More Races",10,8,80.0
"Montville School District","Montville High School","White",141,127,90.1
"Montville School District","Montville High School","Asian",16,14,87.5
"Naugatuck School District","Naugatuck High School","Black",30,21,70.0
"Naugatuck School District","Naugatuck High School","Hispanic",56,41,73.2
"Naugatuck School District","Naugatuck High School","Two or More Races",12,9,75.0
"Naugatuck School District","Naugatuck High School","White",223,191,85.7
"Naugatuck School District","Naugatuck High School","Asian",10,9,90.0
"New Britain School District","New Britain High School","Black",97,75,77.3
"New Britain School District","New Britain High School","Hispanic",340,196,57.6
"New Britain School District","New Britain High School","Two or More Races",12,"*","*"
"New Britain School District","New Britain High School","White",164,123,75.0
"New Britain School District","New Britain High School","Asian","*","*","*"
"New Britain School District","New Britain High School","Hawaiian or Pacific Islander","*","*","*"
"New Canaan School District","New Canaan High School","Black","*","*","*"
"New Canaan School District","New Canaan High School","Hispanic",11,11,100.0
"New Canaan School District","New Canaan High School","Indian or Alaska Native","*","*","*"
"New Canaan School District","New Canaan High School","Two or More Races","*","*","*"
"New Canaan School District","New Canaan High School","White",279,275,98.6
"New Canaan School District","New Canaan High School","Asian",11,11,100.0
"New Canaan School District","New Canaan High School","Hawaiian or Pacific Islander","*","*","*"
"New Fairfield School District","New Fairfield High School","Black","*","*","*"
"New Fairfield School District","New Fairfield High School","Hispanic",14,14,100.0
"New Fairfield School District","New Fairfield High School","Two or More Races","*","*","*"
"New Fairfield School District","New Fairfield High School","White",211,208,98.6
"New Fairfield School District","New Fairfield High School","Asian","*","*","*"
"New Haven School District","Cooperative High School","Black",78,76,97.4
"New Haven School District","Cooperative High School","Hispanic",41,34,82.9
"New Haven School District","Cooperative High School","White",41,40,97.6
"New Haven School District","Cooperative High School","Asian","*","*","*"
"New Haven School District","High School In The Community","Black",30,13,43.3
"New Haven School District","High School In The Community","Hispanic",20,10,50.0
"New Haven School District","High School In The Community","White",8,"*","*"
"New Haven School District","High School In The Community","Asian","*","*","*"
"New Haven School District","Hill Regional Career High School","Black",70,60,85.7
"New Haven School District","Hill Regional Career High School","Hispanic",63,55,87.3
"New Haven School District","Hill Regional Career High School","White",29,26,89.7
"New Haven School District","Hill Regional Career High School","Asian",12,12,100.0
"New Haven School District","Hyde School of Health, Science and Sports Medicine","Black",27,24,88.9
"New Haven School District","Hyde School of Health, Science and Sports Medicine","Hispanic",6,"*","*"
"New Haven School District","Hyde School of Health, Science and Sports Medicine","White","*","*","*"
"New Haven School District","James Hillhouse High School","Black",178,130,73.0
"New Haven School District","James Hillhouse High School","Hispanic",76,46,60.5
"New Haven School District","James Hillhouse High School","Indian or Alaska Native","*","*","*"
"New Haven School District","James Hillhouse High School","White",11,8,72.7
"New Haven School District","James Hillhouse High School","Asian","*","*","*"
"New Haven School District","Metropolitan Business Academy","Black",41,38,92.7
"New Haven School District","Metropolitan Business Academy","Hispanic",35,30,85.7
"New Haven School District","Metropolitan Business Academy","White",14,13,92.9
"New Haven School District","Metropolitan Business Academy","Asian","*","*","*"
"New Haven School District","New Haven Academy","Black",29,26,89.7
"New Haven School District","New Haven Academy","Hispanic",19,14,73.7
"New Haven School District","New Haven Academy","White",17,15,88.2
"New Haven School District","Sound School","Black",6,6,100.0
"New Haven School District","Sound School","Hispanic",21,20,95.2
"New Haven School District","Sound School","White",56,51,91.1
"New Haven School District","Sound School","Asian","*","*","*"
"New Haven School District","Wilbur Cross High School","Black",96,66,68.8
"New Haven School District","Wilbur Cross High School","Hispanic",152,93,61.2
"New Haven School District","Wilbur Cross High School","Two or More Races","*","*","*"
"New Haven School District","Wilbur Cross High School","White",38,27,71.1
"New Haven School District","Wilbur Cross High School","Asian",8,6,75.0
"New London School District","New London High School","Black",63,50,79.4
"New London School District","New London High School","Hispanic",102,72,70.6
"New London School District","New London High School","Two or More Races","*","*","*"
"New London School District","New London High School","White",49,31,63.3
"New London School District","New London High School","Asian","*","*","*"
"New Milford School District","New Milford High School","Black","*","*","*"
"New Milford School District","New Milford High School","Hispanic",28,23,82.1
"New Milford School District","New Milford High School","Two or More Races","*","*","*"
"New Milford School District","New Milford High School","White",330,303,91.8
"New Milford School District","New Milford High School","Asian",11,11,100.0
"Newington School District","Newington High School","Black",17,16,94.1
"Newington School District","Newington High School","Hispanic",50,43,86.0
"Newington School District","Newington High School","Indian or Alaska Native","*","*","*"
"Newington School District","Newington High School","Two or More Races","*","*","*"
"Newington School District","Newington High School","White",251,236,94.0
"Newington School District","Newington High School","Asian",31,31,100.0
"Newtown School District","Newtown High School","Black","*","*","*"
"Newtown School District","Newtown High School","Hispanic",26,25,96.2
"Newtown School District","Newtown High School","Two or More Races","*","*","*"
"Newtown School District","Newtown High School","White",366,354,96.7
"Newtown School District","Newtown High School","Asian",15,15,100.0
"North Branford School District","North Branford High School","Black","*","*","*"
"North Branford School District","North Branford High School","Hispanic","*","*","*"
"North Branford School District","North Branford High School","White",134,125,93.3
"North Haven School District","North Haven High School","Black",15,12,80.0
"North Haven School District","North Haven High School","Hispanic",24,19,79.2
"North Haven School District","North Haven High School","Indian or Alaska Native","*","*","*"
"North Haven School District","North Haven High School","Two or More Races",13,12,92.3
"North Haven School District","North Haven High School","White",235,219,93.2
"North Haven School District","North Haven High School","Asian",18,18,100.0
"North Haven School District","North Haven High School","Hawaiian or Pacific Islander","*","*","*"
"North Stonington School District","Wheeler High School","Black","*","*","*"
"North Stonington School District","Wheeler High School","Hispanic","*","*","*"
"North Stonington School District","Wheeler High School","Two or More Races","*","*","*"
"North Stonington School District","Wheeler High School","White",52,51,98.1
"North Stonington School District","Wheeler High School","Asian","*","*","*"
"Norwalk School District","Brien McMahon High School","Black",105,92,87.6
"Norwalk School District","Brien McMahon High School","Hispanic",129,105,81.4
"Norwalk School District","Brien McMahon High School","Two or More Races","*","*","*"
"Norwalk School District","Brien McMahon High School","White",138,125,90.6
"Norwalk School District","Brien McMahon High School","Asian",22,20,90.9
"Norwalk School District","Norwalk High School","Black",84,76,90.5
"Norwalk School District","Norwalk High School","Hispanic",99,83,83.8
"Norwalk School District","Norwalk High School","Two or More Races","*","*","*"
"Norwalk School District","Norwalk High School","White",176,169,96.0
"Norwalk School District","Norwalk High School","Asian",14,14,100.0
"Norwalk School District","Norwalk Pathways Academy at Briggs","Black",16,"*","*"
"Norwalk School District","Norwalk Pathways Academy at Briggs","Hispanic",18,"*","*"
"Norwalk School District","Norwalk Pathways Academy at Briggs","White",8,"*","*"
"Norwich Free Academy District","Norwich Free Academy","Black",66,55,83.3
"Norwich Free Academy District","Norwich Free Academy","Hispanic",99,82,82.8
"Norwich Free Academy District","Norwich Free Academy","Indian or Alaska Native",11,10,90.9
"Norwich Free Academy District","Norwich Free Academy","Two or More Races","*","*","*"
"Norwich Free Academy District","Norwich Free Academy","White",385,342,88.8
"Norwich Free Academy District","Norwich Free Academy","Asian",40,40,100.0
"Norwich Free Academy District","Norwich Free Academy","Hawaiian or Pacific Islander","*","*","*"
"Old Saybrook School District","Old Saybrook Senior High School","Black","*","*","*"
"Old Saybrook School District","Old Saybrook Senior High School","Hispanic","*","*","*"
"Old Saybrook School District","Old Saybrook Senior High School","Two or More Races","*","*","*"
"Old Saybrook School District","Old Saybrook Senior High School","White",121,113,93.4
"Old Saybrook School District","Old Saybrook Senior High School","Asian",6,6,100.0
"Oxford School District","Oxford High School","Black",6,"*","*"
"Oxford School District","Oxford High School","Hispanic",6,6,100.0
"Oxford School District","Oxford High School","Two or More Races","*","*","*"
"Oxford School District","Oxford High School","White",154,151,98.1
"Oxford School District","Oxford High School","Asian","*","*","*"
"Oxford School District","Oxford High School","Hawaiian or Pacific Islander","*","*","*"
"Plainfield School District","Plainfield High School","Black","*","*","*"
"Plainfield School District","Plainfield High School","Hispanic","*","*","*"
"Plainfield School District","Plainfield High School","Indian or Alaska Native","*","*","*"
"Plainfield School District","Plainfield High School","White",155,135,87.1
"Plainfield School District","Plainfield High School","Asian","*","*","*"
"Plainville School District","Plainville High School","Black",9,9,100.0
"Plainville School District","Plainville High School","Hispanic",17,12,70.6
"Plainville School District","Plainville High School","Indian or Alaska Native","*","*","*"
"Plainville School District","Plainville High School","Two or More Races","*","*","*"
"Plainville School District","Plainville High School","White",140,130,92.9
"Plainville School District","Plainville High School","Asian","*","*","*"
"Plymouth School District","Terryville High School","Black","*","*","*"
"Plymouth School District","Terryville High School","Hispanic","*","*","*"
"Plymouth School District","Terryville High School","Two or More Races","*","*","*"
"Plymouth School District","Terryville High School","White",116,106,91.4
"Plymouth School District","Terryville High School","Asian","*","*","*"
"Portland School District","Portland High School","Black","*","*","*"
"Portland School District","Portland High School","Hispanic","*","*","*"
"Portland School District","Portland High School","Two or More Races","*","*","*"
"Portland School District","Portland High School","White",103,97,94.2
"Portland School District","Portland High School","Asian","*","*","*"
"Putnam School District","Putnam High School","Black","*","*","*"
"Putnam School District","Putnam High School","Hispanic",6,"*","*"
"Putnam School District","Putnam High School","Two or More Races","*","*","*"
"Putnam School District","Putnam High School","White",56,49,87.5
"Putnam School District","Putnam High School","Asian","*","*","*"
"Regional School District 01","Housatonic Valley Regional High School","Black","*","*","*"
"Regional School District 01","Housatonic Valley Regional High School","Hispanic","*","*","*"
"Regional School District 01","Housatonic Valley Regional High School","White",114,102,89.5
"Regional School District 01","Housatonic Valley Regional High School","Asian","*","*","*"
"Regional School District 04","Valley Regional High School","Black","*","*","*"
"Regional School District 04","Valley Regional High School","Hispanic","*","*","*"
"Regional School District 04","Valley Regional High School","White",127,124,97.6
"Regional School District 04","Valley Regional High School","Asian","*","*","*"
"Regional School District 05","Amity Regional High School","Black",8,8,100.0
"Regional School District 05","Amity Regional High School","Hispanic","*","*","*"
"Regional School District 05","Amity Regional High School","Indian or Alaska Native","*","*","*"
"Regional School District 05","Amity Regional High School","Two or More Races","*","*","*"
"Regional School District 05","Amity Regional High School","White",354,345,97.5
"Regional School District 05","Amity Regional High School","Asian",47,46,97.9
"Regional School District 06","Wamogo Regional High School","Two or More Races","*","*","*"
"Regional School District 06","Wamogo Regional High School","White",90,84,93.3
"Regional School District 06","Wamogo Regional High School","Hawaiian or Pacific Islander","*","*","*"
"Regional School District 07","Northwestern Regional High School","Black","*","*","*"
"Regional School District 07","Northwestern Regional High School","Hispanic",7,7,100.0
"Regional School District 07","Northwestern Regional High School","White",177,174,98.3
"Regional School District 07","Northwestern Regional High School","Asian","*","*","*"
"Regional School District 08","RHAM High School","Black","*","*","*"
"Regional School District 08","RHAM High School","Hispanic",6,"*","*"
"Regional School District 08","RHAM High School","Two or More Races","*","*","*"
"Regional School District 08","RHAM High School","White",278,262,94.2
"Regional School District 08","RHAM High School","Asian","*","*","*"
"Regional School District 09","Joel Barlow High School","Black","*","*","*"
"Regional School District 09","Joel Barlow High School","Hispanic",8,8,100.0
"Regional School District 09","Joel Barlow High School","Two or More Races","*","*","*"
"Regional School District 09","Joel Barlow High School","White",229,223,97.4
"Regional School District 09","Joel Barlow High School","Asian",7,"*","*"
"Regional School District 10","Lewis S. Mills High School","Hispanic",10,10,100.0
"Regional School District 10","Lewis S. Mills High School","Two or More Races","*","*","*"
"Regional School District 10","Lewis S. Mills High School","White",196,185,94.4
"Regional School District 10","Lewis S. Mills High School","Asian","*","*","*"
"Regional School District 11","Parish Hill High School","Black","*","*","*"
"Regional School District 11","Parish Hill High School","Hispanic","*","*","*"
"Regional School District 11","Parish Hill High School","White",33,30,90.9
"Regional School District 11","Parish Hill High School","Asian","*","*","*"
"Regional School District 12","Shepaug Valley School","Black","*","*","*"
"Regional School District 12","Shepaug Valley School","White",73,72,98.6
"Regional School District 12","Shepaug Valley School","Asian","*","*","*"
"Regional School District 12","Shepaug Valley School","Hawaiian or Pacific Islander","*","*","*"
"Regional School District 13","Coginchaug Regional High School","Black","*","*","*"
"Regional School District 13","Coginchaug Regional High School","Hispanic","*","*","*"
"Regional School District 13","Coginchaug Regional High School","Two or More Races",6,6,100.0
"Regional School District 13","Coginchaug Regional High School","White",120,115,95.8
"Regional School District 14","Nonnewaug High School","Hispanic","*","*","*"
"Regional School District 14","Nonnewaug High School","Indian or Alaska Native","*","*","*"
"Regional School District 14","Nonnewaug High School","White",201,196,97.5
"Regional School District 14","Nonnewaug High School","Asian","*","*","*"
"Regional School District 15","Pomperaug Regional High School","Black","*","*","*"
"Regional School District 15","Pomperaug Regional High School","Hispanic",14,13,92.9
"Regional School District 15","Pomperaug Regional High School","Indian or Alaska Native","*","*","*"
"Regional School District 15","Pomperaug Regional High School","White",295,287,97.3
"Regional School District 15","Pomperaug Regional High School","Asian",9,9,100.0
"Regional School District 16","Woodland Regional High School","Black","*","*","*"
"Regional School District 16","Woodland Regional High School","Hispanic","*","*","*"
"Regional School District 16","Woodland Regional High School","White",164,155,94.5
"Regional School District 17","Haddam-Killingworth High School","Black","*","*","*"
"Regional School District 17","Haddam-Killingworth High School","Hispanic","*","*","*"
"Regional School District 17","Haddam-Killingworth High School","White",139,138,99.3
"Regional School District 17","Haddam-Killingworth High School","Asian",7,6,85.7
"Regional School District 18","Lyme-Old Lyme High School","Hispanic","*","*","*"
"Regional School District 18","Lyme-Old Lyme High School","White",101,98,97.0
"Regional School District 18","Lyme-Old Lyme High School","Asian","*","*","*"
"Regional School District 19","E. O. Smith High School","Black","*","*","*"
"Regional School District 19","E. O. Smith High School","Hispanic",15,14,93.3
"Regional School District 19","E. O. Smith High School","Indian or Alaska Native","*","*","*"
"Regional School District 19","E. O. Smith High School","Two or More Races","*","*","*"
"Regional School District 19","E. O. Smith High School","White",253,241,95.3
"Regional School District 19","E. O. Smith High School","Asian",12,12,100.0
"Ridgefield School District","Ridgefield High School","Black","*","*","*"
"Ridgefield School District","Ridgefield High School","Hispanic",14,13,92.9
"Ridgefield School District","Ridgefield High School","Two or More Races","*","*","*"
"Ridgefield School District","Ridgefield High School","White",412,405,98.3
"Ridgefield School District","Ridgefield High School","Asian",24,22,91.7
"Rocky Hill School District","Rocky Hill High School","Black","*","*","*"
"Rocky Hill School District","Rocky Hill High School","Hispanic",15,14,93.3
"Rocky Hill School District","Rocky Hill High School","Two or More Races","*","*","*"
"Rocky Hill School District","Rocky Hill High School","White",144,134,93.1
"Rocky Hill School District","Rocky Hill High School","Asian",14,11,78.6
"Seymour School District","Seymour High School","Black","*","*","*"
"Seymour School District","Seymour High School","Hispanic",13,9,69.2
"Seymour School District","Seymour High School","White",113,101,89.4
"Seymour School District","Seymour High School","Asian","*","*","*"
"Shelton School District","Shelton High School","Black",13,10,76.9
"Shelton School District","Shelton High School","Hispanic",36,28,77.8
"Shelton School District","Shelton High School","Indian or Alaska Native","*","*","*"
"Shelton School District","Shelton High School","Two or More Races","*","*","*"
"Shelton School District","Shelton High School","White",296,278,93.9
"Shelton School District","Shelton High School","Asian",16,16,100.0
"Simsbury School District","Simsbury High School","Black","*","*","*"
"Simsbury School District","Simsbury High School","Hispanic",19,16,84.2
"Simsbury School District","Simsbury High School","Two or More Races","*","*","*"
"Simsbury School District","Simsbury High School","White",332,323,97.3
"Simsbury School District","Simsbury High School","Asian",17,17,100.0
"Somers School District","Somers High School","Black","*","*","*"
"Somers School District","Somers High School","Hispanic","*","*","*"
"Somers School District","Somers High School","Indian or Alaska Native","*","*","*"
"Somers School District","Somers High School","Two or More Races","*","*","*"
"Somers School District","Somers High School","White",123,119,96.7
"Somers School District","Somers High School","Asian","*","*","*"
"South Windsor School District","South Windsor High School","Black","*","*","*"
"South Windsor School District","South Windsor High School","Hispanic",19,18,94.7
"South Windsor School District","South Windsor High School","Two or More Races",13,13,100.0
"South Windsor School District","South Windsor High School","White",266,257,96.6
"South Windsor School District","South Windsor High School","Asian",23,23,100.0
"South Windsor School District","South Windsor High School","Hawaiian or Pacific Islander","*","*","*"
"Southington School District","Southington High School","Black",12,11,91.7
"Southington School District","Southington High School","Hispanic",29,27,93.1
"Southington School District","Southington High School","Two or More Races",10,8,80.0
"Southington School District","Southington High School","White",439,416,94.8
"Southington School District","Southington High School","Asian",16,15,93.8
"Stafford School District","Stafford High School","Black","*","*","*"
"Stafford School District","Stafford High School","Hispanic",6,"*","*"
"Stafford School District","Stafford High School","Two or More Races","*","*","*"
"Stafford School District","Stafford High School","White",123,117,95.1
"Stafford School District","Stafford High School","Asian","*","*","*"
"Stamford Academy District","Stamford Academy","Black",34,11,32.4
"Stamford Academy District","Stamford Academy","Hispanic","*","*","*"
"Stamford Academy District","Stamford Academy","White","*","*","*"
"Stamford School District","Stamford High School","Black",143,129,90.2
"Stamford School District","Stamford High School","Hispanic",140,116,82.9
"Stamford School District","Stamford High School","Two or More Races","*","*","*"
"Stamford School District","Stamford High School","White",169,165,97.6
"Stamford School District","Stamford High School","Asian",18,18,100.0
"Stamford School District","The Academy of Information Technology","Black",36,35,97.2
"Stamford School District","The Academy of Information Technology","Hispanic",31,31,100.0
"Stamford School District","The Academy of Information Technology","Two or More Races","*","*","*"
"Stamford School District","The Academy of Information Technology","White",70,69,98.6
"Stamford School District","The Academy of Information Technology","Asian",25,25,100.0
"Stamford School District","Westhill High School","Black",95,87,91.6
"Stamford School District","Westhill High School","Hispanic",207,163,78.7
"Stamford School District","Westhill High School","Two or More Races","*","*","*"
"Stamford School District","Westhill High School","White",187,180,96.3
"Stamford School District","Westhill High School","Asian",44,41,93.2
"Stonington School District","Stonington High School","Black",10,8,80.0
"Stonington School District","Stonington High School","Hispanic","*","*","*"
"Stonington School District","Stonington High School","Indian or Alaska Native","*","*","*"
"Stonington School District","Stonington High School","White",155,148,95.5
"Stonington School District","Stonington High School","Asian",7,7,100.0
"Stratford School District","Bunnell High School","Black",64,64,100.0
"Stratford School District","Bunnell High School","Hispanic",85,83,97.6
"Stratford School District","Bunnell High School","Indian or Alaska Native","*","*","*"
"Stratford School District","Bunnell High School","Two or More Races",7,7,100.0
"Stratford School District","Bunnell High School","White",171,166,97.1
"Stratford School District","Bunnell High School","Asian",6,6,100.0
"Stratford School District","Stratford High School","Black",63,56,88.9
"Stratford School District","Stratford High School","Hispanic",87,80,92.0
"Stratford School District","Stratford High School","White",130,125,96.2
"Stratford School District","Stratford High School","Asian","*","*","*"
"Suffield School District","Suffield High School","Black",7,7,100.0
"Suffield School District","Suffield High School","Hispanic",7,6,85.7
"Suffield School District","Suffield High School","Indian or Alaska Native","*","*","*"
"Suffield School District","Suffield High School","White",194,185,95.4
"Suffield School District","Suffield High School","Asian","*","*","*"
"The Bridge Academy District","The Bridge Academy","Black",17,15,88.2
"The Bridge Academy District","The Bridge Academy","Hispanic",11,9,81.8
"The Bridge Academy District","The Bridge Academy","Two or More Races","*","*","*"
"The Bridge Academy District","The Bridge Academy","Asian","*","*","*"
"The Bridge Academy District","The Bridge Academy","Hawaiian or Pacific Islander","*","*","*"
"The Gilbert School District","The Gilbert School","Black","*","*","*"
"The Gilbert School District","The Gilbert School","Hispanic",12,11,91.7
"The Gilbert School District","The Gilbert School","Two or More Races","*","*","*"
"The Gilbert School District","The Gilbert School","White",62,56,90.3
"The Gilbert School District","The Gilbert School","Asian","*","*","*"
"Thomaston School District","Thomaston High School","Hispanic","*","*","*"
"Thomaston School District","Thomaston High School","White","*","*","*"
"Thompson School District","Tourtellotte Memorial High School","Hispanic","*","*","*"
"Thompson School District","Tourtellotte Memorial High School","Indian or Alaska Native","*","*","*"
"Thompson School District","Tourtellotte Memorial High School","White",82,75,91.5
"Tolland School District","Tolland High School","Black","*","*","*"
"Tolland School District","Tolland High School","Hispanic","*","*","*"
"Tolland School District","Tolland High School","White",209,192,91.9
"Tolland School District","Tolland High School","Asian",11,10,90.9
"Torrington School District","Torrington High School","Black",12,10,83.3
"Torrington School District","Torrington High School","Hispanic",49,44,89.8
"Torrington School District","Torrington High School","Indian or Alaska Native","*","*","*"
"Torrington School District","Torrington High School","Two or More Races","*","*","*"
"Torrington School District","Torrington High School","White",178,155,87.1
"Torrington School District","Torrington High School","Asian",11,11,100.0
"Trumbull School District","Trumbull High School","Black",31,31,100.0
"Trumbull School District","Trumbull High School","Hispanic",48,43,89.6
"Trumbull School District","Trumbull High School","Indian or Alaska Native","*","*","*"
"Trumbull School District","Trumbull High School","Two or More Races","*","*","*"
"Trumbull School District","Trumbull High School","White",439,431,98.2
"Trumbull School District","Trumbull High School","Asian",28,26,92.9
"Vernon School District","Rockville High School","Black",43,33,76.7
"Vernon School District","Rockville High School","Hispanic",24,19,79.2
"Vernon School District","Rockville High School","White",202,173,85.6
"Vernon School District","Rockville High School","Asian",24,20,83.3
"Wallingford School District","Lyman Hall High School","Black",8,"*","*"
"Wallingford School District","Lyman Hall High School","Hispanic",32,26,81.3
"Wallingford School District","Lyman Hall High School","White",201,188,93.5
"Wallingford School District","Lyman Hall High School","Asian",12,11,91.7
"Wallingford School District","Lyman Hall High School","Hawaiian or Pacific Islander","*","*","*"
"Wallingford School District","Mark T. Sheehan High School","Black",8,8,100.0
"Wallingford School District","Mark T. Sheehan High School","Hispanic",26,24,92.3
"Wallingford School District","Mark T. Sheehan High School","Indian or Alaska Native","*","*","*"
"Wallingford School District","Mark T. Sheehan High School","White",184,177,96.2
"Wallingford School District","Mark T. Sheehan High School","Asian",6,6,100.0
"Waterbury School District","Crosby High School","Black",118,88,74.6
"Waterbury School District","Crosby High School","Hispanic",171,119,69.6
"Waterbury School District","Crosby High School","Indian or Alaska Native","*","*","*"
"Waterbury School District","Crosby High School","Two or More Races","*","*","*"
"Waterbury School District","Crosby High School","White",86,63,73.3
"Waterbury School District","Crosby High School","Asian",15,11,73.3
"Waterbury School District","Crosby High School","Hawaiian or Pacific Islander","*","*","*"
"Waterbury School District","John F. Kennedy High School","Black",65,51,78.5
"Waterbury School District","John F. Kennedy High School","Hispanic",193,106,54.9
"Waterbury School District","John F. Kennedy High School","Indian or Alaska Native","*","*","*"
"Waterbury School District","John F. Kennedy High School","Two or More Races","*","*","*"
"Waterbury School District","John F. Kennedy High School","White",107,89,83.2
"Waterbury School District","John F. Kennedy High School","Asian","*","*","*"
"Waterbury School District","Waterbury Arts Magnet School (High)","Black",34,32,94.1
"Waterbury School District","Waterbury Arts Magnet School (High)","Hispanic",23,21,91.3
"Waterbury School District","Waterbury Arts Magnet School (High)","Two or More Races","*","*","*"
"Waterbury School District","Waterbury Arts Magnet School (High)","White",57,57,100.0
"Waterbury School District","Waterbury Arts Magnet School (High)","Asian","*","*","*"
"Waterbury School District","Wilby High School","Black",117,84,71.8
"Waterbury School District","Wilby High School","Hispanic",201,118,58.7
"Waterbury School District","Wilby High School","Two or More Races","*","*","*"
"Waterbury School District","Wilby High School","White",36,30,83.3
"Waterbury School District","Wilby High School","Asian",6,"*","*"
"Waterford School District","Waterford High School","Black",10,9,90.0
"Waterford School District","Waterford High School","Hispanic",20,16,80.0
"Waterford School District","Waterford High School","Indian or Alaska Native","*","*","*"
"Waterford School District","Waterford High School","Two or More Races","*","*","*"
"Waterford School District","Waterford High School","White",150,145,96.7
"Waterford School District","Waterford High School","Asian",13,13,100.0
"Watertown School District","Watertown High School","Black","*","*","*"
"Watertown School District","Watertown High School","Hispanic",15,13,86.7
"Watertown School District","Watertown High School","Two or More Races","*","*","*"
"Watertown School District","Watertown High School","White",194,180,92.8
"Watertown School District","Watertown High School","Asian",8,8,100.0
"West Hartford School District","Conard High School","Black",29,28,96.6
"West Hartford School District","Conard High School","Hispanic",63,58,92.1
"West Hartford School District","Conard High School","Two or More Races","*","*","*"
"West Hartford School District","Conard High School","White",208,203,97.6
"West Hartford School District","Conard High School","Asian",42,41,97.6
"West Hartford School District","Hall High School","Black",39,38,97.4
"West Hartford School District","Hall High School","Hispanic",45,43,95.6
"West Hartford School District","Hall High School","Indian or Alaska Native","*","*","*"
"West Hartford School District","Hall High School","Two or More Races",8,8,100.0
"West Hartford School District","Hall High School","White",238,233,97.9
"West Hartford School District","Hall High School","Asian",39,38,97.4
"West Haven School District","West Haven High School","Black",103,80,77.7
"West Haven School District","West Haven High School","Hispanic",110,87,79.1
"West Haven School District","West Haven High School","Indian or Alaska Native","*","*","*"
"West Haven School District","West Haven High School","Two or More Races",15,11,73.3
"West Haven School District","West Haven High School","White",170,123,72.4
"West Haven School District","West Haven High School","Asian",9,9,100.0
"West Haven School District","West Haven High School","Hawaiian or Pacific Islander","*","*","*"
"Westbrook School District","Westbrook High School","Hispanic","*","*","*"
"Westbrook School District","Westbrook High School","Two or More Races","*","*","*"
"Westbrook School District","Westbrook High School","White",65,64,98.5
"Westbrook School District","Westbrook High School","Asian","*","*","*"
"Weston School District","Weston High School","Black","*","*","*"
"Weston School District","Weston High School","Hispanic","*","*","*"
"Weston School District","Weston High School","Two or More Races","*","*","*"
"Weston School District","Weston High School","White",161,159,98.8
"Weston School District","Weston High School","Asian","*","*","*"
"Westport School District","Staples High School","Black",13,13,100.0
"Westport School District","Staples High School","Hispanic",16,15,93.8
"Westport School District","Staples High School","Indian or Alaska Native","*","*","*"
"Westport School District","Staples High School","Two or More Races","*","*","*"
"Westport School District","Staples High School","White",395,390,98.7
"Westport School District","Staples High School","Asian",20,20,100.0
"Wethersfield School District","Wethersfield High School","Black",12,10,83.3
"Wethersfield School District","Wethersfield High School","Hispanic",45,39,86.7
"Wethersfield School District","Wethersfield High School","Indian or Alaska Native","*","*","*"
"Wethersfield School District","Wethersfield High School","Two or More Races","*","*","*"
"Wethersfield School District","Wethersfield High School","White",234,219,93.6
"Wethersfield School District","Wethersfield High School","Asian",11,11,100.0
"Wilton School District","Wilton High School","Black","*","*","*"
"Wilton School District","Wilton High School","Hispanic","*","*","*"
"Wilton School District","Wilton High School","Two or More Races","*","*","*"
"Wilton School District","Wilton High School","White",266,262,98.5
"Wilton School District","Wilton High School","Asian",19,19,100.0
"Windham School District","Windham High School","Black",9,6,66.7
"Windham School District","Windham High School","Hispanic",110,75,68.2
"Windham School District","Windham High School","Two or More Races","*","*","*"
"Windham School District","Windham High School","White",58,49,84.5
"Windham School District","Windham High School","Asian","*","*","*"
"Windsor Locks School District","Windsor Locks High School","Black","*","*","*"
"Windsor Locks School District","Windsor Locks High School","Hispanic",11,10,90.9
"Windsor Locks School District","Windsor Locks High School","Indian or Alaska Native","*","*","*"
"Windsor Locks School District","Windsor Locks High School","White",96,94,97.9
"Windsor Locks School District","Windsor Locks High School","Asian",11,11,100.0
"Windsor School District","Windsor High School","Black",158,144,91.1
"Windsor School District","Windsor High School","Hispanic",38,35,92.1
"Windsor School District","Windsor High School","Two or More Races","*","*","*"
"Windsor School District","Windsor High School","White",83,77,92.8
"Windsor School District","Windsor High School","Asian","*","*","*"
"Wolcott School District","Wolcott High School","Black","*","*","*"
"Wolcott School District","Wolcott High School","Hispanic",16,14,87.5
"Wolcott School District","Wolcott High School","Indian or Alaska Native","*","*","*"
"Wolcott School District","Wolcott High School","Two or More Races",6,6,100.0
"Wolcott School District","Wolcott High School","White",209,202,96.7
"Wolcott School District","Wolcott High School","Asian",6,6,100.0
"Woodstock Academy District","Woodstock Academy","Black","*","*","*"
"Woodstock Academy District","Woodstock Academy","Hispanic","*","*","*"
"Woodstock Academy District","Woodstock Academy","White",226,220,97.3
"Woodstock Academy District","Woodstock Academy","Asian",32,29,90.6

